2026-01-16 14:43:05,720 - src.main - INFO - ExamSmith Ingestion Service starting...
2026-01-16 14:49:38,273 - src.main - INFO - ExamSmith Ingestion Service shutting down...
2026-01-16 15:12:08,330 - src.main - INFO - ExamSmith Ingestion Service starting...
2026-01-16 15:14:22,601 - src.main - INFO - ExamSmith Ingestion Service shutting down...
2026-01-16 15:14:25,819 - src.main - INFO - ExamSmith Ingestion Service starting...
2026-01-16 15:16:54,802 - src.job_manager - INFO - Job created: d7ca6222-89f1-41ca-a6a5-d3817c33cf01
2026-01-16 15:16:55,700 - src.job_manager - INFO - Job d7ca6222-89f1-41ca-a6a5-d3817c33cf01 status: JobStatus.PROCESSING
2026-01-16 15:16:56,955 - src.mongo_client - INFO - MongoDB connected successfully
2026-01-16 15:16:57,091 - src.mongo_client - INFO - MongoDB indexes created
2026-01-16 15:16:57,093 - src.ingest_service - INFO - [Job d7ca6222-89f1-41ca-a6a5-d3817c33cf01] Step 1: Deduplicating 5118 documents...
2026-01-16 15:16:57,108 - src.ingest_service - INFO - [Job d7ca6222-89f1-41ca-a6a5-d3817c33cf01] Step 2: Embedding documents...
2026-01-16 15:16:57,109 - src.embedder - INFO - Embedding batch of 32 texts...
2026-01-16 15:16:59,227 - src.embedder - INFO - Successfully embedded 32 texts
2026-01-16 15:16:59,232 - src.embedder - INFO - Embedding batch of 32 texts...
2026-01-16 15:17:03,354 - src.embedder - INFO - Successfully embedded 32 texts
2026-01-16 15:17:03,359 - src.embedder - INFO - Embedding batch of 32 texts...
2026-01-16 15:17:05,243 - src.embedder - INFO - Successfully embedded 32 texts
2026-01-16 15:17:05,250 - src.embedder - INFO - Embedding batch of 32 texts...
2026-01-16 15:17:08,407 - src.embedder - INFO - Successfully embedded 32 texts
2026-01-16 15:17:08,412 - src.embedder - INFO - Embedding batch of 32 texts...
2026-01-16 15:17:10,809 - src.embedder - INFO - Successfully embedded 32 texts
2026-01-16 15:17:10,815 - src.embedder - INFO - Embedding batch of 32 texts...
2026-01-16 15:17:12,619 - src.embedder - INFO - Successfully embedded 32 texts
2026-01-16 15:17:12,624 - src.embedder - INFO - Embedding batch of 32 texts...
2026-01-16 15:17:15,197 - src.embedder - INFO - Successfully embedded 32 texts
2026-01-16 15:17:15,202 - src.embedder - INFO - Embedding batch of 32 texts...
2026-01-16 15:17:16,828 - src.embedder - INFO - Successfully embedded 32 texts
2026-01-16 15:17:16,834 - src.embedder - INFO - Embedding batch of 32 texts...
2026-01-16 15:17:18,871 - src.embedder - INFO - Successfully embedded 32 texts
2026-01-16 15:17:18,876 - src.embedder - INFO - Embedding batch of 32 texts...
2026-01-16 15:17:20,568 - src.embedder - INFO - Successfully embedded 32 texts
2026-01-16 15:17:20,572 - src.embedder - INFO - Embedding batch of 32 texts...
2026-01-16 15:17:22,275 - src.embedder - INFO - Successfully embedded 32 texts
2026-01-16 15:17:22,281 - src.embedder - INFO - Embedding batch of 32 texts...
2026-01-16 15:17:23,917 - src.embedder - INFO - Successfully embedded 32 texts
2026-01-16 15:17:23,920 - src.embedder - INFO - Embedding batch of 32 texts...
2026-01-16 15:17:25,583 - src.embedder - INFO - Successfully embedded 32 texts
2026-01-16 15:17:25,589 - src.embedder - INFO - Embedding batch of 32 texts...
2026-01-16 15:17:30,645 - src.embedder - INFO - Successfully embedded 32 texts
2026-01-16 15:17:30,651 - src.embedder - INFO - Embedding batch of 32 texts...
2026-01-16 15:17:32,547 - src.embedder - INFO - Successfully embedded 32 texts
2026-01-16 15:17:32,550 - src.embedder - INFO - Embedding batch of 32 texts...
2026-01-16 15:17:34,242 - src.embedder - INFO - Successfully embedded 32 texts
2026-01-16 15:17:34,249 - src.embedder - INFO - Embedding batch of 32 texts...
2026-01-16 15:17:35,908 - src.embedder - INFO - Successfully embedded 32 texts
2026-01-16 15:17:35,913 - src.embedder - INFO - Embedding batch of 32 texts...
2026-01-16 15:17:37,803 - src.embedder - INFO - Successfully embedded 32 texts
2026-01-16 15:17:37,807 - src.embedder - INFO - Embedding batch of 32 texts...
2026-01-16 15:17:39,540 - src.embedder - INFO - Successfully embedded 32 texts
2026-01-16 15:17:39,545 - src.embedder - INFO - Embedding batch of 32 texts...
2026-01-16 15:17:41,341 - src.embedder - INFO - Successfully embedded 32 texts
2026-01-16 15:17:41,347 - src.embedder - INFO - Embedding batch of 32 texts...
2026-01-16 15:17:43,170 - src.embedder - INFO - Successfully embedded 32 texts
2026-01-16 15:17:43,175 - src.embedder - INFO - Embedding batch of 32 texts...
2026-01-16 15:17:46,197 - src.embedder - INFO - Successfully embedded 32 texts
2026-01-16 15:17:46,200 - src.embedder - INFO - Embedding batch of 32 texts...
2026-01-16 15:17:47,892 - src.embedder - INFO - Successfully embedded 32 texts
2026-01-16 15:17:47,899 - src.embedder - INFO - Embedding batch of 32 texts...
2026-01-16 15:17:49,796 - src.embedder - INFO - Successfully embedded 32 texts
2026-01-16 15:17:49,800 - src.embedder - INFO - Embedding batch of 32 texts...
2026-01-16 15:17:53,501 - src.embedder - INFO - Successfully embedded 32 texts
2026-01-16 15:17:53,505 - src.embedder - INFO - Embedding batch of 32 texts...
2026-01-16 15:17:55,251 - src.embedder - INFO - Successfully embedded 32 texts
2026-01-16 15:17:55,255 - src.embedder - INFO - Embedding batch of 32 texts...
2026-01-16 15:17:57,253 - src.embedder - INFO - Successfully embedded 32 texts
2026-01-16 15:17:57,261 - src.embedder - INFO - Embedding batch of 32 texts...
2026-01-16 15:17:58,904 - src.embedder - INFO - Successfully embedded 32 texts
2026-01-16 15:17:58,912 - src.embedder - INFO - Embedding batch of 32 texts...
2026-01-16 15:18:00,597 - src.embedder - INFO - Successfully embedded 32 texts
2026-01-16 15:18:00,602 - src.embedder - INFO - Embedding batch of 32 texts...
2026-01-16 15:18:03,511 - src.embedder - INFO - Successfully embedded 32 texts
2026-01-16 15:18:03,515 - src.embedder - INFO - Embedding batch of 32 texts...
2026-01-16 15:18:08,368 - src.embedder - INFO - Successfully embedded 32 texts
2026-01-16 15:18:08,372 - src.embedder - INFO - Embedding batch of 32 texts...
2026-01-16 15:18:10,353 - src.embedder - INFO - Successfully embedded 32 texts
2026-01-16 15:18:10,364 - src.embedder - INFO - Embedding batch of 32 texts...
2026-01-16 15:18:13,535 - src.embedder - INFO - Successfully embedded 32 texts
2026-01-16 15:18:13,541 - src.embedder - INFO - Embedding batch of 32 texts...
2026-01-16 15:18:15,705 - src.embedder - INFO - Successfully embedded 32 texts
2026-01-16 15:18:15,711 - src.embedder - INFO - Embedding batch of 32 texts...
2026-01-16 15:18:17,274 - src.embedder - INFO - Successfully embedded 32 texts
2026-01-16 15:18:17,280 - src.embedder - INFO - Embedding batch of 32 texts...
2026-01-16 15:18:18,842 - src.embedder - INFO - Successfully embedded 32 texts
2026-01-16 15:18:18,845 - src.embedder - INFO - Embedding batch of 32 texts...
2026-01-16 15:18:21,761 - src.embedder - INFO - Successfully embedded 32 texts
2026-01-16 15:18:21,768 - src.embedder - INFO - Embedding batch of 32 texts...
2026-01-16 15:18:23,632 - src.embedder - INFO - Successfully embedded 32 texts
2026-01-16 15:18:23,638 - src.embedder - INFO - Embedding batch of 32 texts...
2026-01-16 15:18:25,732 - src.embedder - INFO - Successfully embedded 32 texts
2026-01-16 15:18:25,737 - src.embedder - INFO - Embedding batch of 32 texts...
2026-01-16 15:18:27,381 - src.embedder - INFO - Successfully embedded 32 texts
2026-01-16 15:18:27,388 - src.embedder - INFO - Embedding batch of 32 texts...
2026-01-16 15:18:29,007 - src.embedder - INFO - Successfully embedded 32 texts
2026-01-16 15:18:29,012 - src.embedder - INFO - Embedding batch of 32 texts...
2026-01-16 15:18:31,511 - src.embedder - INFO - Successfully embedded 32 texts
2026-01-16 15:18:31,517 - src.embedder - INFO - Embedding batch of 32 texts...
2026-01-16 15:18:35,164 - src.embedder - INFO - Successfully embedded 32 texts
2026-01-16 15:18:35,169 - src.embedder - INFO - Embedding batch of 32 texts...
2026-01-16 15:18:36,894 - src.embedder - INFO - Successfully embedded 32 texts
2026-01-16 15:18:36,899 - src.embedder - INFO - Embedding batch of 32 texts...
2026-01-16 15:18:38,576 - src.embedder - INFO - Successfully embedded 32 texts
2026-01-16 15:18:38,580 - src.embedder - INFO - Embedding batch of 32 texts...
2026-01-16 15:18:40,222 - src.embedder - INFO - Successfully embedded 32 texts
2026-01-16 15:18:40,226 - src.embedder - INFO - Embedding batch of 32 texts...
2026-01-16 15:18:41,831 - src.embedder - INFO - Successfully embedded 32 texts
2026-01-16 15:18:41,837 - src.embedder - INFO - Embedding batch of 32 texts...
2026-01-16 15:18:43,584 - src.embedder - INFO - Successfully embedded 32 texts
2026-01-16 15:18:43,589 - src.embedder - INFO - Embedding batch of 32 texts...
2026-01-16 15:18:45,255 - src.embedder - INFO - Successfully embedded 32 texts
2026-01-16 15:18:45,258 - src.embedder - INFO - Embedding batch of 32 texts...
2026-01-16 15:18:47,242 - src.embedder - INFO - Successfully embedded 32 texts
2026-01-16 15:18:47,246 - src.embedder - INFO - Embedding batch of 32 texts...
2026-01-16 15:18:49,105 - src.embedder - INFO - Successfully embedded 32 texts
2026-01-16 15:18:49,109 - src.embedder - INFO - Embedding batch of 32 texts...
2026-01-16 15:18:52,246 - src.embedder - INFO - Successfully embedded 32 texts
2026-01-16 15:18:52,251 - src.embedder - INFO - Embedding batch of 32 texts...
2026-01-16 15:18:53,898 - src.embedder - INFO - Successfully embedded 32 texts
2026-01-16 15:18:53,903 - src.embedder - INFO - Embedding batch of 32 texts...
2026-01-16 15:18:55,748 - src.embedder - INFO - Successfully embedded 32 texts
2026-01-16 15:18:55,753 - src.embedder - INFO - Embedding batch of 32 texts...
2026-01-16 15:18:57,286 - src.embedder - INFO - Successfully embedded 32 texts
2026-01-16 15:18:57,291 - src.embedder - INFO - Embedding batch of 32 texts...
2026-01-16 15:18:59,255 - src.embedder - INFO - Successfully embedded 32 texts
2026-01-16 15:18:59,260 - src.embedder - INFO - Embedding batch of 32 texts...
2026-01-16 15:19:01,229 - src.embedder - INFO - Successfully embedded 32 texts
2026-01-16 15:19:01,233 - src.embedder - INFO - Embedding batch of 32 texts...
2026-01-16 15:19:03,237 - src.embedder - INFO - Successfully embedded 32 texts
2026-01-16 15:19:03,242 - src.embedder - INFO - Embedding batch of 32 texts...
2026-01-16 15:19:05,056 - src.embedder - INFO - Successfully embedded 32 texts
2026-01-16 15:19:05,062 - src.embedder - INFO - Embedding batch of 32 texts...
2026-01-16 15:19:07,775 - src.embedder - INFO - Successfully embedded 32 texts
2026-01-16 15:19:07,780 - src.embedder - INFO - Embedding batch of 32 texts...
2026-01-16 15:19:09,600 - src.embedder - INFO - Successfully embedded 32 texts
2026-01-16 15:19:09,604 - src.embedder - INFO - Embedding batch of 32 texts...
2026-01-16 15:19:12,409 - src.embedder - INFO - Successfully embedded 32 texts
2026-01-16 15:19:12,415 - src.embedder - INFO - Embedding batch of 32 texts...
2026-01-16 15:19:14,519 - src.embedder - INFO - Successfully embedded 32 texts
2026-01-16 15:19:14,523 - src.embedder - INFO - Embedding batch of 32 texts...
2026-01-16 15:19:16,551 - src.embedder - INFO - Successfully embedded 32 texts
2026-01-16 15:19:16,556 - src.embedder - INFO - Embedding batch of 32 texts...
2026-01-16 15:19:18,501 - src.embedder - INFO - Successfully embedded 32 texts
2026-01-16 15:19:18,506 - src.embedder - INFO - Embedding batch of 32 texts...
2026-01-16 15:19:20,347 - src.embedder - INFO - Successfully embedded 32 texts
2026-01-16 15:19:20,351 - src.embedder - INFO - Embedding batch of 32 texts...
2026-01-16 15:19:22,458 - src.embedder - INFO - Successfully embedded 32 texts
2026-01-16 15:19:22,465 - src.embedder - INFO - Embedding batch of 32 texts...
2026-01-16 15:19:25,516 - src.embedder - INFO - Successfully embedded 32 texts
2026-01-16 15:19:25,520 - src.embedder - INFO - Embedding batch of 32 texts...
2026-01-16 15:19:27,240 - src.embedder - INFO - Successfully embedded 32 texts
2026-01-16 15:19:27,245 - src.embedder - INFO - Embedding batch of 32 texts...
2026-01-16 15:19:29,197 - src.embedder - INFO - Successfully embedded 32 texts
2026-01-16 15:19:29,201 - src.embedder - INFO - Embedding batch of 32 texts...
2026-01-16 15:19:31,322 - src.embedder - INFO - Successfully embedded 32 texts
2026-01-16 15:19:31,326 - src.embedder - INFO - Embedding batch of 32 texts...
2026-01-16 15:19:34,062 - src.embedder - INFO - Successfully embedded 32 texts
2026-01-16 15:19:34,066 - src.embedder - INFO - Embedding batch of 32 texts...
2026-01-16 15:19:35,995 - src.embedder - INFO - Successfully embedded 32 texts
2026-01-16 15:19:35,999 - src.embedder - INFO - Embedding batch of 32 texts...
2026-01-16 15:19:38,823 - src.embedder - INFO - Successfully embedded 32 texts
2026-01-16 15:19:38,827 - src.embedder - INFO - Embedding batch of 32 texts...
2026-01-16 15:19:40,740 - src.embedder - INFO - Successfully embedded 32 texts
2026-01-16 15:19:40,745 - src.embedder - INFO - Embedding batch of 32 texts...
2026-01-16 15:19:42,708 - src.embedder - INFO - Successfully embedded 32 texts
2026-01-16 15:19:42,712 - src.embedder - INFO - Embedding batch of 32 texts...
2026-01-16 15:19:44,574 - src.embedder - INFO - Successfully embedded 32 texts
2026-01-16 15:19:44,580 - src.embedder - INFO - Embedding batch of 32 texts...
2026-01-16 15:19:46,456 - src.embedder - INFO - Successfully embedded 32 texts
2026-01-16 15:19:46,461 - src.embedder - INFO - Embedding batch of 32 texts...
2026-01-16 15:19:48,381 - src.embedder - INFO - Successfully embedded 32 texts
2026-01-16 15:19:48,386 - src.embedder - INFO - Embedding batch of 32 texts...
2026-01-16 15:19:50,305 - src.embedder - INFO - Successfully embedded 32 texts
2026-01-16 15:19:50,309 - src.embedder - INFO - Embedding batch of 32 texts...
2026-01-16 15:19:52,230 - src.embedder - INFO - Successfully embedded 32 texts
2026-01-16 15:19:52,235 - src.embedder - INFO - Embedding batch of 32 texts...
2026-01-16 15:19:54,795 - src.embedder - INFO - Successfully embedded 32 texts
2026-01-16 15:19:54,800 - src.embedder - INFO - Embedding batch of 32 texts...
2026-01-16 15:19:56,672 - src.embedder - INFO - Successfully embedded 32 texts
2026-01-16 15:19:56,677 - src.embedder - INFO - Embedding batch of 32 texts...
2026-01-16 15:19:59,378 - src.embedder - INFO - Successfully embedded 32 texts
2026-01-16 15:19:59,382 - src.embedder - INFO - Embedding batch of 32 texts...
2026-01-16 15:20:00,915 - src.embedder - INFO - Successfully embedded 32 texts
2026-01-16 15:20:00,920 - src.embedder - INFO - Embedding batch of 32 texts...
2026-01-16 15:20:02,653 - src.embedder - INFO - Successfully embedded 32 texts
2026-01-16 15:20:02,658 - src.embedder - INFO - Embedding batch of 32 texts...
2026-01-16 15:20:07,421 - src.embedder - INFO - Successfully embedded 32 texts
2026-01-16 15:20:07,425 - src.embedder - INFO - Embedding batch of 32 texts...
2026-01-16 15:20:09,224 - src.embedder - INFO - Successfully embedded 32 texts
2026-01-16 15:20:09,229 - src.embedder - INFO - Embedding batch of 32 texts...
2026-01-16 15:20:10,918 - src.embedder - INFO - Successfully embedded 32 texts
2026-01-16 15:20:10,922 - src.embedder - INFO - Embedding batch of 32 texts...
2026-01-16 15:20:14,161 - src.embedder - INFO - Successfully embedded 32 texts
2026-01-16 15:20:14,166 - src.embedder - INFO - Embedding batch of 32 texts...
2026-01-16 15:20:15,862 - src.embedder - INFO - Successfully embedded 32 texts
2026-01-16 15:20:15,866 - src.embedder - INFO - Embedding batch of 32 texts...
2026-01-16 15:20:17,478 - src.embedder - INFO - Successfully embedded 32 texts
2026-01-16 15:20:17,483 - src.embedder - INFO - Embedding batch of 32 texts...
2026-01-16 15:20:19,049 - src.embedder - INFO - Successfully embedded 32 texts
2026-01-16 15:20:19,053 - src.embedder - INFO - Embedding batch of 32 texts...
2026-01-16 15:20:20,658 - src.embedder - INFO - Successfully embedded 32 texts
2026-01-16 15:20:20,662 - src.embedder - INFO - Embedding batch of 32 texts...
2026-01-16 15:20:24,189 - src.embedder - INFO - Successfully embedded 32 texts
2026-01-16 15:20:24,193 - src.embedder - INFO - Embedding batch of 32 texts...
2026-01-16 15:20:25,889 - src.embedder - INFO - Successfully embedded 32 texts
2026-01-16 15:20:25,894 - src.embedder - INFO - Embedding batch of 32 texts...
2026-01-16 15:20:29,295 - src.embedder - INFO - Successfully embedded 32 texts
2026-01-16 15:20:29,299 - src.embedder - INFO - Embedding batch of 32 texts...
2026-01-16 15:20:33,594 - src.embedder - INFO - Successfully embedded 32 texts
2026-01-16 15:20:33,598 - src.embedder - INFO - Embedding batch of 32 texts...
2026-01-16 15:20:36,600 - src.embedder - INFO - Successfully embedded 32 texts
2026-01-16 15:20:36,605 - src.embedder - INFO - Embedding batch of 32 texts...
2026-01-16 15:20:38,359 - src.embedder - INFO - Successfully embedded 32 texts
2026-01-16 15:20:38,365 - src.embedder - INFO - Embedding batch of 32 texts...
2026-01-16 15:20:40,504 - src.embedder - INFO - Successfully embedded 32 texts
2026-01-16 15:20:40,508 - src.embedder - INFO - Embedding batch of 32 texts...
2026-01-16 15:20:42,194 - src.embedder - INFO - Successfully embedded 32 texts
2026-01-16 15:20:42,198 - src.embedder - INFO - Embedding batch of 32 texts...
2026-01-16 15:20:44,014 - src.embedder - INFO - Successfully embedded 32 texts
2026-01-16 15:20:44,019 - src.embedder - INFO - Embedding batch of 32 texts...
2026-01-16 15:20:45,621 - src.embedder - INFO - Successfully embedded 32 texts
2026-01-16 15:20:45,625 - src.embedder - INFO - Embedding batch of 32 texts...
2026-01-16 15:20:47,266 - src.embedder - INFO - Successfully embedded 32 texts
2026-01-16 15:20:47,272 - src.embedder - INFO - Embedding batch of 32 texts...
2026-01-16 15:20:48,913 - src.embedder - INFO - Successfully embedded 32 texts
2026-01-16 15:20:48,919 - src.embedder - INFO - Embedding batch of 32 texts...
2026-01-16 15:20:50,718 - src.embedder - INFO - Successfully embedded 32 texts
2026-01-16 15:20:50,722 - src.embedder - INFO - Embedding batch of 32 texts...
2026-01-16 15:20:52,342 - src.embedder - INFO - Successfully embedded 32 texts
2026-01-16 15:20:52,345 - src.embedder - INFO - Embedding batch of 32 texts...
2026-01-16 15:20:54,134 - src.embedder - INFO - Successfully embedded 32 texts
2026-01-16 15:20:54,139 - src.embedder - INFO - Embedding batch of 32 texts...
2026-01-16 15:20:55,705 - src.embedder - INFO - Successfully embedded 32 texts
2026-01-16 15:20:55,708 - src.embedder - INFO - Embedding batch of 32 texts...
2026-01-16 15:20:57,332 - src.embedder - INFO - Successfully embedded 32 texts
2026-01-16 15:20:57,336 - src.embedder - INFO - Embedding batch of 32 texts...
2026-01-16 15:20:58,984 - src.embedder - INFO - Successfully embedded 32 texts
2026-01-16 15:20:58,988 - src.embedder - INFO - Embedding batch of 32 texts...
2026-01-16 15:21:00,584 - src.embedder - INFO - Successfully embedded 32 texts
2026-01-16 15:21:00,588 - src.embedder - INFO - Embedding batch of 32 texts...
2026-01-16 15:21:02,235 - src.embedder - INFO - Successfully embedded 32 texts
2026-01-16 15:21:02,240 - src.embedder - INFO - Embedding batch of 32 texts...
2026-01-16 15:21:03,750 - src.embedder - INFO - Successfully embedded 32 texts
2026-01-16 15:21:03,755 - src.embedder - INFO - Embedding batch of 32 texts...
2026-01-16 15:21:05,418 - src.embedder - INFO - Successfully embedded 32 texts
2026-01-16 15:21:05,422 - src.embedder - INFO - Embedding batch of 32 texts...
2026-01-16 15:21:07,299 - src.embedder - INFO - Successfully embedded 32 texts
2026-01-16 15:21:07,305 - src.embedder - INFO - Embedding batch of 32 texts...
2026-01-16 15:21:08,879 - src.embedder - INFO - Successfully embedded 32 texts
2026-01-16 15:21:08,884 - src.embedder - INFO - Embedding batch of 32 texts...
2026-01-16 15:21:10,420 - src.embedder - INFO - Successfully embedded 32 texts
2026-01-16 15:21:10,424 - src.embedder - INFO - Embedding batch of 32 texts...
2026-01-16 15:21:12,231 - src.embedder - INFO - Successfully embedded 32 texts
2026-01-16 15:21:12,236 - src.embedder - INFO - Embedding batch of 32 texts...
2026-01-16 15:21:15,672 - src.embedder - INFO - Successfully embedded 32 texts
2026-01-16 15:21:15,677 - src.embedder - INFO - Embedding batch of 32 texts...
2026-01-16 15:21:17,305 - src.embedder - INFO - Successfully embedded 32 texts
2026-01-16 15:21:17,310 - src.embedder - INFO - Embedding batch of 32 texts...
2026-01-16 15:21:18,922 - src.embedder - INFO - Successfully embedded 32 texts
2026-01-16 15:21:18,928 - src.embedder - INFO - Embedding batch of 32 texts...
2026-01-16 15:21:21,318 - src.embedder - INFO - Successfully embedded 32 texts
2026-01-16 15:21:21,323 - src.embedder - INFO - Embedding batch of 32 texts...
2026-01-16 15:21:22,903 - src.embedder - INFO - Successfully embedded 32 texts
2026-01-16 15:21:22,908 - src.embedder - INFO - Embedding batch of 32 texts...
2026-01-16 15:21:26,056 - src.embedder - INFO - Successfully embedded 32 texts
2026-01-16 15:21:26,061 - src.embedder - INFO - Embedding batch of 32 texts...
2026-01-16 15:21:27,631 - src.embedder - INFO - Successfully embedded 32 texts
2026-01-16 15:21:27,635 - src.embedder - INFO - Embedding batch of 32 texts...
2026-01-16 15:21:30,661 - src.embedder - INFO - Successfully embedded 32 texts
2026-01-16 15:21:30,666 - src.embedder - INFO - Embedding batch of 32 texts...
2026-01-16 15:21:32,270 - src.embedder - INFO - Successfully embedded 32 texts
2026-01-16 15:21:32,283 - src.embedder - INFO - Embedding batch of 32 texts...
2026-01-16 15:21:34,040 - src.embedder - INFO - Successfully embedded 32 texts
2026-01-16 15:21:34,045 - src.embedder - INFO - Embedding batch of 32 texts...
2026-01-16 15:21:37,014 - src.embedder - INFO - Successfully embedded 32 texts
2026-01-16 15:21:37,019 - src.embedder - INFO - Embedding batch of 32 texts...
2026-01-16 15:21:38,813 - src.embedder - INFO - Successfully embedded 32 texts
2026-01-16 15:21:38,817 - src.embedder - INFO - Embedding batch of 32 texts...
2026-01-16 15:21:40,400 - src.embedder - INFO - Successfully embedded 32 texts
2026-01-16 15:21:40,404 - src.embedder - INFO - Embedding batch of 32 texts...
2026-01-16 15:21:42,129 - src.embedder - INFO - Successfully embedded 32 texts
2026-01-16 15:21:42,134 - src.embedder - INFO - Embedding batch of 32 texts...
2026-01-16 15:21:43,857 - src.embedder - INFO - Successfully embedded 32 texts
2026-01-16 15:21:43,862 - src.embedder - INFO - Embedding batch of 32 texts...
2026-01-16 15:21:46,988 - src.embedder - INFO - Successfully embedded 32 texts
2026-01-16 15:21:46,991 - src.embedder - INFO - Embedding batch of 32 texts...
2026-01-16 15:21:48,610 - src.embedder - INFO - Successfully embedded 32 texts
2026-01-16 15:21:48,614 - src.embedder - INFO - Embedding batch of 32 texts...
2026-01-16 15:21:50,273 - src.embedder - INFO - Successfully embedded 32 texts
2026-01-16 15:21:50,278 - src.embedder - INFO - Embedding batch of 32 texts...
2026-01-16 15:21:51,924 - src.embedder - INFO - Successfully embedded 32 texts
2026-01-16 15:21:51,928 - src.embedder - INFO - Embedding batch of 32 texts...
2026-01-16 15:21:54,506 - src.embedder - INFO - Successfully embedded 32 texts
2026-01-16 15:21:54,511 - src.embedder - INFO - Embedding batch of 32 texts...
2026-01-16 15:21:56,154 - src.embedder - INFO - Successfully embedded 32 texts
2026-01-16 15:21:56,159 - src.embedder - INFO - Embedding batch of 32 texts...
2026-01-16 15:21:57,929 - src.embedder - INFO - Successfully embedded 32 texts
2026-01-16 15:21:57,934 - src.embedder - INFO - Embedding batch of 32 texts...
2026-01-16 15:21:59,730 - src.embedder - INFO - Successfully embedded 32 texts
2026-01-16 15:21:59,734 - src.embedder - INFO - Embedding batch of 32 texts...
2026-01-16 15:22:01,456 - src.embedder - INFO - Successfully embedded 32 texts
2026-01-16 15:22:01,462 - src.embedder - INFO - Embedding batch of 32 texts...
2026-01-16 15:22:03,846 - src.embedder - INFO - Successfully embedded 32 texts
2026-01-16 15:22:03,850 - src.embedder - INFO - Embedding batch of 32 texts...
2026-01-16 15:22:05,956 - src.embedder - INFO - Successfully embedded 32 texts
2026-01-16 15:22:05,961 - src.embedder - INFO - Embedding batch of 32 texts...
2026-01-16 15:22:08,233 - src.embedder - INFO - Successfully embedded 32 texts
2026-01-16 15:22:08,238 - src.embedder - INFO - Embedding batch of 32 texts...
2026-01-16 15:22:10,105 - src.embedder - INFO - Successfully embedded 32 texts
2026-01-16 15:22:10,110 - src.embedder - INFO - Embedding batch of 32 texts...
2026-01-16 15:22:11,988 - src.embedder - INFO - Successfully embedded 32 texts
2026-01-16 15:22:11,992 - src.embedder - INFO - Embedding batch of 32 texts...
2026-01-16 15:22:14,153 - src.embedder - INFO - Successfully embedded 32 texts
2026-01-16 15:22:14,157 - src.embedder - INFO - Embedding batch of 32 texts...
2026-01-16 15:22:16,611 - src.embedder - INFO - Successfully embedded 32 texts
2026-01-16 15:22:16,617 - src.embedder - INFO - Embedding batch of 32 texts...
2026-01-16 15:22:19,749 - src.embedder - INFO - Successfully embedded 32 texts
2026-01-16 15:22:19,754 - src.embedder - INFO - Embedding batch of 32 texts...
2026-01-16 15:22:21,691 - src.embedder - INFO - Successfully embedded 32 texts
2026-01-16 15:22:21,695 - src.embedder - INFO - Embedding batch of 32 texts...
2026-01-16 15:22:25,197 - src.embedder - INFO - Successfully embedded 32 texts
2026-01-16 15:22:25,203 - src.embedder - INFO - Embedding batch of 32 texts...
2026-01-16 15:22:27,524 - src.embedder - INFO - Successfully embedded 32 texts
2026-01-16 15:22:27,530 - src.embedder - INFO - Embedding batch of 32 texts...
2026-01-16 15:22:29,563 - src.embedder - INFO - Successfully embedded 32 texts
2026-01-16 15:22:29,569 - src.embedder - INFO - Embedding batch of 32 texts...
2026-01-16 15:22:32,209 - src.embedder - INFO - Successfully embedded 32 texts
2026-01-16 15:22:32,253 - src.embedder - INFO - Embedding batch of 32 texts...
2026-01-16 15:22:34,197 - src.embedder - INFO - Successfully embedded 32 texts
2026-01-16 15:22:34,202 - src.embedder - INFO - Embedding batch of 32 texts...
2026-01-16 15:22:36,021 - src.embedder - INFO - Successfully embedded 32 texts
2026-01-16 15:22:36,025 - src.embedder - INFO - Embedding batch of 30 texts...
2026-01-16 15:22:37,941 - src.embedder - INFO - Successfully embedded 30 texts
2026-01-16 15:22:37,947 - src.ingest_service - INFO - [Job d7ca6222-89f1-41ca-a6a5-d3817c33cf01] Step 3: Preparing documents...
2026-01-16 15:22:37,990 - src.ingest_service - INFO - [Job d7ca6222-89f1-41ca-a6a5-d3817c33cf01] Step 4: Upserting to MongoDB...
2026-01-16 15:23:00,203 - src.ingest_service - ERROR - [Job d7ca6222-89f1-41ca-a6a5-d3817c33cf01] Ingestion failed: 'BulkWriteResult' object has no attribute 'upserted_id'
2026-01-16 15:23:00,204 - src.job_manager - INFO - Job d7ca6222-89f1-41ca-a6a5-d3817c33cf01 status: JobStatus.FAILED
2026-01-16 15:23:00,244 - src.mongo_client - INFO - MongoDB disconnected
2026-01-16 15:31:53,130 - src.main - INFO - ExamSmith Ingestion Service shutting down...
2026-01-16 15:31:57,298 - src.main - INFO - ExamSmith Ingestion Service starting...
2026-01-16 20:18:36,324 - src.main - INFO - ExamSmith Ingestion Service shutting down...
2026-01-16 20:26:16,236 - src.main - INFO - ExamSmith Ingestion Service starting...
2026-01-16 20:26:26,554 - src.job_manager - INFO - Job created: 7b948c1c-e8d3-4302-8c73-4d5dabfc7da8
2026-01-16 20:26:27,196 - src.job_manager - INFO - Job 7b948c1c-e8d3-4302-8c73-4d5dabfc7da8 status: JobStatus.PROCESSING
2026-01-16 20:26:28,588 - src.mongo_client - INFO - MongoDB connected successfully
2026-01-16 20:26:28,712 - src.mongo_client - INFO - MongoDB indexes created
2026-01-16 20:26:28,714 - src.ingest_service - INFO - [Job 7b948c1c-e8d3-4302-8c73-4d5dabfc7da8] Step 1: Deduplicating 5118 documents...
2026-01-16 20:26:28,729 - src.ingest_service - INFO - [Job 7b948c1c-e8d3-4302-8c73-4d5dabfc7da8] Step 2: Embedding documents...
2026-01-16 20:32:20,207 - src.ingest_service - INFO - [Job 7b948c1c-e8d3-4302-8c73-4d5dabfc7da8] Step 3: Preparing documents...
2026-01-16 20:32:20,250 - src.ingest_service - INFO - [Job 7b948c1c-e8d3-4302-8c73-4d5dabfc7da8] Step 4: Upserting to MongoDB...
2026-01-16 20:32:42,035 - src.job_manager - INFO - Job 7b948c1c-e8d3-4302-8c73-4d5dabfc7da8 status: JobStatus.COMPLETED
2026-01-16 20:32:42,043 - src.ingest_service - INFO - [Job 7b948c1c-e8d3-4302-8c73-4d5dabfc7da8] Ingestion complete. Processed: 5118, Failed: 0
2026-01-16 20:32:42,088 - src.mongo_client - INFO - MongoDB disconnected
2026-01-16 20:32:42,434 - src.main - INFO - ExamSmith Ingestion Service shutting down...
2026-01-16 20:59:18,352 - src.main - INFO - ExamSmith Ingestion Service starting...
2026-01-16 21:00:42,157 - src.main - INFO - ExamSmith Ingestion Service shutting down...
2026-01-16 21:33:04,740 - src.main - INFO - ExamSmith Ingestion Service starting...
2026-01-16 21:39:10,686 - src.job_manager - INFO - Job created: b8e7507a-3282-47e2-ae8c-57000c02233f
2026-01-16 21:39:10,688 - src.api - INFO - 📥 File upload received - 5118 documents - File: book_complete.json - Job ID: b8e7507a-3282-47e2-ae8c-57000c02233f
2026-01-16 21:39:10,784 - src.job_manager - INFO - Job b8e7507a-3282-47e2-ae8c-57000c02233f status: JobStatus.PROCESSING
2026-01-16 21:39:11,900 - src.mongo_client - INFO - MongoDB connected successfully
2026-01-16 21:39:12,003 - src.mongo_client - INFO - MongoDB indexes created
2026-01-16 21:39:12,005 - src.ingest_service - INFO - [Job b8e7507a-3282-47e2-ae8c-57000c02233f] Step 1: Deduplicating 5118 documents...
2026-01-16 21:39:12,021 - src.ingest_service - INFO - [Job b8e7507a-3282-47e2-ae8c-57000c02233f] 🧠 Step 2: Starting embedding of 5118 documents in batches of 32...
2026-01-16 21:39:12,022 - src.embedder - INFO - 🧠 EMBEDDING [Batch 1/160] [█░░░░░░░░░░░░░░░░░░░░░░░░░░░░░░░░░░░░░░░░░░░░░░░░░░░░░░░░░░░░░░░░░░░░░░░░░░░░░░░░░░░░░░░░░░░░░░░░░░░░░░░░░░░░░░░░░░░░░░░░░░░░░░░░░░░░░░░░░░░░░░░░░░░░░░░░░░░░░░░] ⏳ 32 pending
2026-01-16 21:39:12,024 - src.embedder - INFO - 🧠 Embedding batch of 32 texts...
2026-01-16 21:39:13,700 - src.embedder - INFO - ✅ Successfully embedded 32 texts
2026-01-16 21:39:13,704 - src.embedder - INFO - ✅ BATCH SUCCESS [Batch 1/160] 📊 32/5118 completed | ⏳ 5086 pending
2026-01-16 21:39:13,705 - src.embedder - INFO - 🧠 EMBEDDING [Batch 2/160] [██░░░░░░░░░░░░░░░░░░░░░░░░░░░░░░░░░░░░░░░░░░░░░░░░░░░░░░░░░░░░░░░░░░░░░░░░░░░░░░░░░░░░░░░░░░░░░░░░░░░░░░░░░░░░░░░░░░░░░░░░░░░░░░░░░░░░░░░░░░░░░░░░░░░░░░░░░░░░░░] ⏳ 32 pending
2026-01-16 21:39:13,706 - src.embedder - INFO - 🧠 Embedding batch of 32 texts...
2026-01-16 21:39:15,203 - src.embedder - INFO - ✅ Successfully embedded 32 texts
2026-01-16 21:39:15,206 - src.embedder - INFO - ✅ BATCH SUCCESS [Batch 2/160] 📊 64/5118 completed | ⏳ 5054 pending
2026-01-16 21:39:15,207 - src.embedder - INFO - 🧠 EMBEDDING [Batch 3/160] [███░░░░░░░░░░░░░░░░░░░░░░░░░░░░░░░░░░░░░░░░░░░░░░░░░░░░░░░░░░░░░░░░░░░░░░░░░░░░░░░░░░░░░░░░░░░░░░░░░░░░░░░░░░░░░░░░░░░░░░░░░░░░░░░░░░░░░░░░░░░░░░░░░░░░░░░░░░░░░] ⏳ 32 pending
2026-01-16 21:39:15,208 - src.embedder - INFO - 🧠 Embedding batch of 32 texts...
2026-01-16 21:39:16,780 - src.embedder - INFO - ✅ Successfully embedded 32 texts
2026-01-16 21:39:16,789 - src.embedder - INFO - ✅ BATCH SUCCESS [Batch 3/160] 📊 96/5118 completed | ⏳ 5022 pending
2026-01-16 21:39:16,796 - src.embedder - INFO - 🧠 EMBEDDING [Batch 4/160] [████░░░░░░░░░░░░░░░░░░░░░░░░░░░░░░░░░░░░░░░░░░░░░░░░░░░░░░░░░░░░░░░░░░░░░░░░░░░░░░░░░░░░░░░░░░░░░░░░░░░░░░░░░░░░░░░░░░░░░░░░░░░░░░░░░░░░░░░░░░░░░░░░░░░░░░░░░░░░] ⏳ 32 pending
2026-01-16 21:39:16,815 - src.embedder - INFO - 🧠 Embedding batch of 32 texts...
2026-01-16 21:39:18,547 - src.embedder - INFO - ✅ Successfully embedded 32 texts
2026-01-16 21:39:18,551 - src.embedder - INFO - ✅ BATCH SUCCESS [Batch 4/160] 📊 128/5118 completed | ⏳ 4990 pending
2026-01-16 21:39:18,552 - src.embedder - INFO - 🧠 EMBEDDING [Batch 5/160] [█████░░░░░░░░░░░░░░░░░░░░░░░░░░░░░░░░░░░░░░░░░░░░░░░░░░░░░░░░░░░░░░░░░░░░░░░░░░░░░░░░░░░░░░░░░░░░░░░░░░░░░░░░░░░░░░░░░░░░░░░░░░░░░░░░░░░░░░░░░░░░░░░░░░░░░░░░░░░] ⏳ 32 pending
2026-01-16 21:39:18,553 - src.embedder - INFO - 🧠 Embedding batch of 32 texts...
2026-01-16 21:39:21,157 - src.embedder - INFO - ✅ Successfully embedded 32 texts
2026-01-16 21:39:21,166 - src.embedder - INFO - ✅ BATCH SUCCESS [Batch 5/160] 📊 160/5118 completed | ⏳ 4958 pending
2026-01-16 21:39:21,167 - src.embedder - INFO - 🧠 EMBEDDING [Batch 6/160] [██████░░░░░░░░░░░░░░░░░░░░░░░░░░░░░░░░░░░░░░░░░░░░░░░░░░░░░░░░░░░░░░░░░░░░░░░░░░░░░░░░░░░░░░░░░░░░░░░░░░░░░░░░░░░░░░░░░░░░░░░░░░░░░░░░░░░░░░░░░░░░░░░░░░░░░░░░░░] ⏳ 32 pending
2026-01-16 21:39:21,168 - src.embedder - INFO - 🧠 Embedding batch of 32 texts...
2026-01-16 21:39:26,919 - src.embedder - INFO - ✅ Successfully embedded 32 texts
2026-01-16 21:39:26,924 - src.embedder - INFO - ✅ BATCH SUCCESS [Batch 6/160] 📊 192/5118 completed | ⏳ 4926 pending
2026-01-16 21:39:26,925 - src.embedder - INFO - 🧠 EMBEDDING [Batch 7/160] [███████░░░░░░░░░░░░░░░░░░░░░░░░░░░░░░░░░░░░░░░░░░░░░░░░░░░░░░░░░░░░░░░░░░░░░░░░░░░░░░░░░░░░░░░░░░░░░░░░░░░░░░░░░░░░░░░░░░░░░░░░░░░░░░░░░░░░░░░░░░░░░░░░░░░░░░░░░] ⏳ 32 pending
2026-01-16 21:39:26,926 - src.embedder - INFO - 🧠 Embedding batch of 32 texts...
2026-01-16 21:39:29,299 - src.embedder - INFO - ✅ Successfully embedded 32 texts
2026-01-16 21:39:29,305 - src.embedder - INFO - ✅ BATCH SUCCESS [Batch 7/160] 📊 224/5118 completed | ⏳ 4894 pending
2026-01-16 21:39:29,306 - src.embedder - INFO - 🧠 EMBEDDING [Batch 8/160] [████████░░░░░░░░░░░░░░░░░░░░░░░░░░░░░░░░░░░░░░░░░░░░░░░░░░░░░░░░░░░░░░░░░░░░░░░░░░░░░░░░░░░░░░░░░░░░░░░░░░░░░░░░░░░░░░░░░░░░░░░░░░░░░░░░░░░░░░░░░░░░░░░░░░░░░░░░] ⏳ 32 pending
2026-01-16 21:39:29,307 - src.embedder - INFO - 🧠 Embedding batch of 32 texts...
2026-01-16 21:39:30,950 - src.embedder - INFO - ✅ Successfully embedded 32 texts
2026-01-16 21:39:30,955 - src.embedder - INFO - ✅ BATCH SUCCESS [Batch 8/160] 📊 256/5118 completed | ⏳ 4862 pending
2026-01-16 21:39:30,956 - src.embedder - INFO - 🧠 EMBEDDING [Batch 9/160] [█████████░░░░░░░░░░░░░░░░░░░░░░░░░░░░░░░░░░░░░░░░░░░░░░░░░░░░░░░░░░░░░░░░░░░░░░░░░░░░░░░░░░░░░░░░░░░░░░░░░░░░░░░░░░░░░░░░░░░░░░░░░░░░░░░░░░░░░░░░░░░░░░░░░░░░░░░] ⏳ 32 pending
2026-01-16 21:39:30,957 - src.embedder - INFO - 🧠 Embedding batch of 32 texts...
2026-01-16 21:39:34,736 - src.embedder - INFO - ✅ Successfully embedded 32 texts
2026-01-16 21:39:34,741 - src.embedder - INFO - ✅ BATCH SUCCESS [Batch 9/160] 📊 288/5118 completed | ⏳ 4830 pending
2026-01-16 21:39:34,741 - src.embedder - INFO - 🧠 EMBEDDING [Batch 10/160] [██████████░░░░░░░░░░░░░░░░░░░░░░░░░░░░░░░░░░░░░░░░░░░░░░░░░░░░░░░░░░░░░░░░░░░░░░░░░░░░░░░░░░░░░░░░░░░░░░░░░░░░░░░░░░░░░░░░░░░░░░░░░░░░░░░░░░░░░░░░░░░░░░░░░░░░░░] ⏳ 32 pending
2026-01-16 21:39:34,742 - src.embedder - INFO - 🧠 Embedding batch of 32 texts...
2026-01-16 21:39:38,056 - src.embedder - INFO - ✅ Successfully embedded 32 texts
2026-01-16 21:39:38,060 - src.embedder - INFO - ✅ BATCH SUCCESS [Batch 10/160] 📊 320/5118 completed | ⏳ 4798 pending
2026-01-16 21:39:38,061 - src.embedder - INFO - 🧠 EMBEDDING [Batch 11/160] [███████████░░░░░░░░░░░░░░░░░░░░░░░░░░░░░░░░░░░░░░░░░░░░░░░░░░░░░░░░░░░░░░░░░░░░░░░░░░░░░░░░░░░░░░░░░░░░░░░░░░░░░░░░░░░░░░░░░░░░░░░░░░░░░░░░░░░░░░░░░░░░░░░░░░░░░] ⏳ 32 pending
2026-01-16 21:39:38,062 - src.embedder - INFO - 🧠 Embedding batch of 32 texts...
2026-01-16 21:39:40,090 - src.embedder - INFO - ✅ Successfully embedded 32 texts
2026-01-16 21:39:40,094 - src.embedder - INFO - ✅ BATCH SUCCESS [Batch 11/160] 📊 352/5118 completed | ⏳ 4766 pending
2026-01-16 21:39:40,094 - src.embedder - INFO - 🧠 EMBEDDING [Batch 12/160] [████████████░░░░░░░░░░░░░░░░░░░░░░░░░░░░░░░░░░░░░░░░░░░░░░░░░░░░░░░░░░░░░░░░░░░░░░░░░░░░░░░░░░░░░░░░░░░░░░░░░░░░░░░░░░░░░░░░░░░░░░░░░░░░░░░░░░░░░░░░░░░░░░░░░░░░] ⏳ 32 pending
2026-01-16 21:39:40,095 - src.embedder - INFO - 🧠 Embedding batch of 32 texts...
2026-01-16 21:39:41,958 - src.embedder - INFO - ✅ Successfully embedded 32 texts
2026-01-16 21:39:41,961 - src.embedder - INFO - ✅ BATCH SUCCESS [Batch 12/160] 📊 384/5118 completed | ⏳ 4734 pending
2026-01-16 21:39:41,962 - src.embedder - INFO - 🧠 EMBEDDING [Batch 13/160] [█████████████░░░░░░░░░░░░░░░░░░░░░░░░░░░░░░░░░░░░░░░░░░░░░░░░░░░░░░░░░░░░░░░░░░░░░░░░░░░░░░░░░░░░░░░░░░░░░░░░░░░░░░░░░░░░░░░░░░░░░░░░░░░░░░░░░░░░░░░░░░░░░░░░░░░] ⏳ 32 pending
2026-01-16 21:39:41,963 - src.embedder - INFO - 🧠 Embedding batch of 32 texts...
2026-01-16 21:39:45,129 - src.embedder - INFO - ✅ Successfully embedded 32 texts
2026-01-16 21:39:45,133 - src.embedder - INFO - ✅ BATCH SUCCESS [Batch 13/160] 📊 416/5118 completed | ⏳ 4702 pending
2026-01-16 21:39:45,135 - src.embedder - INFO - 🧠 EMBEDDING [Batch 14/160] [██████████████░░░░░░░░░░░░░░░░░░░░░░░░░░░░░░░░░░░░░░░░░░░░░░░░░░░░░░░░░░░░░░░░░░░░░░░░░░░░░░░░░░░░░░░░░░░░░░░░░░░░░░░░░░░░░░░░░░░░░░░░░░░░░░░░░░░░░░░░░░░░░░░░░░] ⏳ 32 pending
2026-01-16 21:39:45,136 - src.embedder - INFO - 🧠 Embedding batch of 32 texts...
2026-01-16 21:39:47,741 - src.embedder - INFO - ✅ Successfully embedded 32 texts
2026-01-16 21:39:47,744 - src.embedder - INFO - ✅ BATCH SUCCESS [Batch 14/160] 📊 448/5118 completed | ⏳ 4670 pending
2026-01-16 21:39:47,745 - src.embedder - INFO - 🧠 EMBEDDING [Batch 15/160] [███████████████░░░░░░░░░░░░░░░░░░░░░░░░░░░░░░░░░░░░░░░░░░░░░░░░░░░░░░░░░░░░░░░░░░░░░░░░░░░░░░░░░░░░░░░░░░░░░░░░░░░░░░░░░░░░░░░░░░░░░░░░░░░░░░░░░░░░░░░░░░░░░░░░░] ⏳ 32 pending
2026-01-16 21:39:47,746 - src.embedder - INFO - 🧠 Embedding batch of 32 texts...
2026-01-16 21:39:49,568 - src.embedder - INFO - ✅ Successfully embedded 32 texts
2026-01-16 21:39:49,572 - src.embedder - INFO - ✅ BATCH SUCCESS [Batch 15/160] 📊 480/5118 completed | ⏳ 4638 pending
2026-01-16 21:39:49,573 - src.embedder - INFO - 🧠 EMBEDDING [Batch 16/160] [████████████████░░░░░░░░░░░░░░░░░░░░░░░░░░░░░░░░░░░░░░░░░░░░░░░░░░░░░░░░░░░░░░░░░░░░░░░░░░░░░░░░░░░░░░░░░░░░░░░░░░░░░░░░░░░░░░░░░░░░░░░░░░░░░░░░░░░░░░░░░░░░░░░░] ⏳ 32 pending
2026-01-16 21:39:49,574 - src.embedder - INFO - 🧠 Embedding batch of 32 texts...
2026-01-16 21:39:51,384 - src.embedder - INFO - ✅ Successfully embedded 32 texts
2026-01-16 21:39:51,390 - src.embedder - INFO - ✅ BATCH SUCCESS [Batch 16/160] 📊 512/5118 completed | ⏳ 4606 pending
2026-01-16 21:39:51,391 - src.embedder - INFO - 🧠 EMBEDDING [Batch 17/160] [█████████████████░░░░░░░░░░░░░░░░░░░░░░░░░░░░░░░░░░░░░░░░░░░░░░░░░░░░░░░░░░░░░░░░░░░░░░░░░░░░░░░░░░░░░░░░░░░░░░░░░░░░░░░░░░░░░░░░░░░░░░░░░░░░░░░░░░░░░░░░░░░░░░░] ⏳ 32 pending
2026-01-16 21:39:51,391 - src.embedder - INFO - 🧠 Embedding batch of 32 texts...
2026-01-16 21:39:53,099 - src.embedder - INFO - ✅ Successfully embedded 32 texts
2026-01-16 21:39:53,104 - src.embedder - INFO - ✅ BATCH SUCCESS [Batch 17/160] 📊 544/5118 completed | ⏳ 4574 pending
2026-01-16 21:39:53,105 - src.embedder - INFO - 🧠 EMBEDDING [Batch 18/160] [██████████████████░░░░░░░░░░░░░░░░░░░░░░░░░░░░░░░░░░░░░░░░░░░░░░░░░░░░░░░░░░░░░░░░░░░░░░░░░░░░░░░░░░░░░░░░░░░░░░░░░░░░░░░░░░░░░░░░░░░░░░░░░░░░░░░░░░░░░░░░░░░░░░] ⏳ 32 pending
2026-01-16 21:39:53,106 - src.embedder - INFO - 🧠 Embedding batch of 32 texts...
2026-01-16 21:39:54,919 - src.embedder - INFO - ✅ Successfully embedded 32 texts
2026-01-16 21:39:54,924 - src.embedder - INFO - ✅ BATCH SUCCESS [Batch 18/160] 📊 576/5118 completed | ⏳ 4542 pending
2026-01-16 21:39:54,925 - src.embedder - INFO - 🧠 EMBEDDING [Batch 19/160] [███████████████████░░░░░░░░░░░░░░░░░░░░░░░░░░░░░░░░░░░░░░░░░░░░░░░░░░░░░░░░░░░░░░░░░░░░░░░░░░░░░░░░░░░░░░░░░░░░░░░░░░░░░░░░░░░░░░░░░░░░░░░░░░░░░░░░░░░░░░░░░░░░░] ⏳ 32 pending
2026-01-16 21:39:54,926 - src.embedder - INFO - 🧠 Embedding batch of 32 texts...
2026-01-16 21:39:57,109 - src.embedder - INFO - ✅ Successfully embedded 32 texts
2026-01-16 21:39:57,112 - src.embedder - INFO - ✅ BATCH SUCCESS [Batch 19/160] 📊 608/5118 completed | ⏳ 4510 pending
2026-01-16 21:39:57,113 - src.embedder - INFO - 🧠 EMBEDDING [Batch 20/160] [████████████████████░░░░░░░░░░░░░░░░░░░░░░░░░░░░░░░░░░░░░░░░░░░░░░░░░░░░░░░░░░░░░░░░░░░░░░░░░░░░░░░░░░░░░░░░░░░░░░░░░░░░░░░░░░░░░░░░░░░░░░░░░░░░░░░░░░░░░░░░░░░░] ⏳ 32 pending
2026-01-16 21:39:57,114 - src.embedder - INFO - 🧠 Embedding batch of 32 texts...
2026-01-16 21:39:58,876 - src.embedder - INFO - ✅ Successfully embedded 32 texts
2026-01-16 21:39:58,880 - src.embedder - INFO - ✅ BATCH SUCCESS [Batch 20/160] 📊 640/5118 completed | ⏳ 4478 pending
2026-01-16 21:39:58,881 - src.embedder - INFO - 🧠 EMBEDDING [Batch 21/160] [█████████████████████░░░░░░░░░░░░░░░░░░░░░░░░░░░░░░░░░░░░░░░░░░░░░░░░░░░░░░░░░░░░░░░░░░░░░░░░░░░░░░░░░░░░░░░░░░░░░░░░░░░░░░░░░░░░░░░░░░░░░░░░░░░░░░░░░░░░░░░░░░░] ⏳ 32 pending
2026-01-16 21:39:58,884 - src.embedder - INFO - 🧠 Embedding batch of 32 texts...
2026-01-16 21:40:00,568 - src.embedder - INFO - ✅ Successfully embedded 32 texts
2026-01-16 21:40:00,572 - src.embedder - INFO - ✅ BATCH SUCCESS [Batch 21/160] 📊 672/5118 completed | ⏳ 4446 pending
2026-01-16 21:40:00,574 - src.embedder - INFO - 🧠 EMBEDDING [Batch 22/160] [██████████████████████░░░░░░░░░░░░░░░░░░░░░░░░░░░░░░░░░░░░░░░░░░░░░░░░░░░░░░░░░░░░░░░░░░░░░░░░░░░░░░░░░░░░░░░░░░░░░░░░░░░░░░░░░░░░░░░░░░░░░░░░░░░░░░░░░░░░░░░░░░] ⏳ 32 pending
2026-01-16 21:40:00,576 - src.embedder - INFO - 🧠 Embedding batch of 32 texts...
2026-01-16 21:40:02,350 - src.embedder - INFO - ✅ Successfully embedded 32 texts
2026-01-16 21:40:02,354 - src.embedder - INFO - ✅ BATCH SUCCESS [Batch 22/160] 📊 704/5118 completed | ⏳ 4414 pending
2026-01-16 21:40:02,355 - src.embedder - INFO - 🧠 EMBEDDING [Batch 23/160] [███████████████████████░░░░░░░░░░░░░░░░░░░░░░░░░░░░░░░░░░░░░░░░░░░░░░░░░░░░░░░░░░░░░░░░░░░░░░░░░░░░░░░░░░░░░░░░░░░░░░░░░░░░░░░░░░░░░░░░░░░░░░░░░░░░░░░░░░░░░░░░░] ⏳ 32 pending
2026-01-16 21:40:02,356 - src.embedder - INFO - 🧠 Embedding batch of 32 texts...
2026-01-16 21:40:04,285 - src.embedder - INFO - ✅ Successfully embedded 32 texts
2026-01-16 21:40:04,290 - src.embedder - INFO - ✅ BATCH SUCCESS [Batch 23/160] 📊 736/5118 completed | ⏳ 4382 pending
2026-01-16 21:40:04,290 - src.embedder - INFO - 🧠 EMBEDDING [Batch 24/160] [████████████████████████░░░░░░░░░░░░░░░░░░░░░░░░░░░░░░░░░░░░░░░░░░░░░░░░░░░░░░░░░░░░░░░░░░░░░░░░░░░░░░░░░░░░░░░░░░░░░░░░░░░░░░░░░░░░░░░░░░░░░░░░░░░░░░░░░░░░░░░░] ⏳ 32 pending
2026-01-16 21:40:04,291 - src.embedder - INFO - 🧠 Embedding batch of 32 texts...
2026-01-16 21:40:12,941 - src.embedder - INFO - ✅ Successfully embedded 32 texts
2026-01-16 21:40:12,945 - src.embedder - INFO - ✅ BATCH SUCCESS [Batch 24/160] 📊 768/5118 completed | ⏳ 4350 pending
2026-01-16 21:40:12,946 - src.embedder - INFO - 🧠 EMBEDDING [Batch 25/160] [█████████████████████████░░░░░░░░░░░░░░░░░░░░░░░░░░░░░░░░░░░░░░░░░░░░░░░░░░░░░░░░░░░░░░░░░░░░░░░░░░░░░░░░░░░░░░░░░░░░░░░░░░░░░░░░░░░░░░░░░░░░░░░░░░░░░░░░░░░░░░░] ⏳ 32 pending
2026-01-16 21:40:12,947 - src.embedder - INFO - 🧠 Embedding batch of 32 texts...
2026-01-16 21:40:15,753 - src.embedder - INFO - ✅ Successfully embedded 32 texts
2026-01-16 21:40:15,765 - src.embedder - INFO - ✅ BATCH SUCCESS [Batch 25/160] 📊 800/5118 completed | ⏳ 4318 pending
2026-01-16 21:40:15,772 - src.embedder - INFO - 🧠 EMBEDDING [Batch 26/160] [██████████████████████████░░░░░░░░░░░░░░░░░░░░░░░░░░░░░░░░░░░░░░░░░░░░░░░░░░░░░░░░░░░░░░░░░░░░░░░░░░░░░░░░░░░░░░░░░░░░░░░░░░░░░░░░░░░░░░░░░░░░░░░░░░░░░░░░░░░░░░] ⏳ 32 pending
2026-01-16 21:40:15,776 - src.embedder - INFO - 🧠 Embedding batch of 32 texts...
2026-01-16 21:40:18,643 - src.embedder - INFO - ✅ Successfully embedded 32 texts
2026-01-16 21:40:18,648 - src.embedder - INFO - ✅ BATCH SUCCESS [Batch 26/160] 📊 832/5118 completed | ⏳ 4286 pending
2026-01-16 21:40:18,649 - src.embedder - INFO - 🧠 EMBEDDING [Batch 27/160] [███████████████████████████░░░░░░░░░░░░░░░░░░░░░░░░░░░░░░░░░░░░░░░░░░░░░░░░░░░░░░░░░░░░░░░░░░░░░░░░░░░░░░░░░░░░░░░░░░░░░░░░░░░░░░░░░░░░░░░░░░░░░░░░░░░░░░░░░░░░░] ⏳ 32 pending
2026-01-16 21:40:18,649 - src.embedder - INFO - 🧠 Embedding batch of 32 texts...
2026-01-16 21:40:20,949 - src.embedder - INFO - ✅ Successfully embedded 32 texts
2026-01-16 21:40:20,952 - src.embedder - INFO - ✅ BATCH SUCCESS [Batch 27/160] 📊 864/5118 completed | ⏳ 4254 pending
2026-01-16 21:40:20,953 - src.embedder - INFO - 🧠 EMBEDDING [Batch 28/160] [████████████████████████████░░░░░░░░░░░░░░░░░░░░░░░░░░░░░░░░░░░░░░░░░░░░░░░░░░░░░░░░░░░░░░░░░░░░░░░░░░░░░░░░░░░░░░░░░░░░░░░░░░░░░░░░░░░░░░░░░░░░░░░░░░░░░░░░░░░░] ⏳ 32 pending
2026-01-16 21:40:20,954 - src.embedder - INFO - 🧠 Embedding batch of 32 texts...
2026-01-16 21:40:23,708 - src.embedder - INFO - ✅ Successfully embedded 32 texts
2026-01-16 21:40:23,716 - src.embedder - INFO - ✅ BATCH SUCCESS [Batch 28/160] 📊 896/5118 completed | ⏳ 4222 pending
2026-01-16 21:40:23,717 - src.embedder - INFO - 🧠 EMBEDDING [Batch 29/160] [█████████████████████████████░░░░░░░░░░░░░░░░░░░░░░░░░░░░░░░░░░░░░░░░░░░░░░░░░░░░░░░░░░░░░░░░░░░░░░░░░░░░░░░░░░░░░░░░░░░░░░░░░░░░░░░░░░░░░░░░░░░░░░░░░░░░░░░░░░░] ⏳ 32 pending
2026-01-16 21:40:23,718 - src.embedder - INFO - 🧠 Embedding batch of 32 texts...
2026-01-16 21:40:25,626 - src.embedder - INFO - ✅ Successfully embedded 32 texts
2026-01-16 21:40:25,631 - src.embedder - INFO - ✅ BATCH SUCCESS [Batch 29/160] 📊 928/5118 completed | ⏳ 4190 pending
2026-01-16 21:40:25,633 - src.embedder - INFO - 🧠 EMBEDDING [Batch 30/160] [██████████████████████████████░░░░░░░░░░░░░░░░░░░░░░░░░░░░░░░░░░░░░░░░░░░░░░░░░░░░░░░░░░░░░░░░░░░░░░░░░░░░░░░░░░░░░░░░░░░░░░░░░░░░░░░░░░░░░░░░░░░░░░░░░░░░░░░░░░] ⏳ 32 pending
2026-01-16 21:40:25,634 - src.embedder - INFO - 🧠 Embedding batch of 32 texts...
2026-01-16 21:40:27,574 - src.embedder - INFO - ✅ Successfully embedded 32 texts
2026-01-16 21:40:27,577 - src.embedder - INFO - ✅ BATCH SUCCESS [Batch 30/160] 📊 960/5118 completed | ⏳ 4158 pending
2026-01-16 21:40:27,578 - src.embedder - INFO - 🧠 EMBEDDING [Batch 31/160] [███████████████████████████████░░░░░░░░░░░░░░░░░░░░░░░░░░░░░░░░░░░░░░░░░░░░░░░░░░░░░░░░░░░░░░░░░░░░░░░░░░░░░░░░░░░░░░░░░░░░░░░░░░░░░░░░░░░░░░░░░░░░░░░░░░░░░░░░░] ⏳ 32 pending
2026-01-16 21:40:27,580 - src.embedder - INFO - 🧠 Embedding batch of 32 texts...
2026-01-16 21:40:32,029 - src.embedder - INFO - ✅ Successfully embedded 32 texts
2026-01-16 21:40:32,034 - src.embedder - INFO - ✅ BATCH SUCCESS [Batch 31/160] 📊 992/5118 completed | ⏳ 4126 pending
2026-01-16 21:40:32,035 - src.embedder - INFO - 🧠 EMBEDDING [Batch 32/160] [████████████████████████████████░░░░░░░░░░░░░░░░░░░░░░░░░░░░░░░░░░░░░░░░░░░░░░░░░░░░░░░░░░░░░░░░░░░░░░░░░░░░░░░░░░░░░░░░░░░░░░░░░░░░░░░░░░░░░░░░░░░░░░░░░░░░░░░░] ⏳ 32 pending
2026-01-16 21:40:32,035 - src.embedder - INFO - 🧠 Embedding batch of 32 texts...
2026-01-16 21:40:34,006 - src.embedder - INFO - ✅ Successfully embedded 32 texts
2026-01-16 21:40:34,010 - src.embedder - INFO - ✅ BATCH SUCCESS [Batch 32/160] 📊 1024/5118 completed | ⏳ 4094 pending
2026-01-16 21:40:34,011 - src.embedder - INFO - 🧠 EMBEDDING [Batch 33/160] [█████████████████████████████████░░░░░░░░░░░░░░░░░░░░░░░░░░░░░░░░░░░░░░░░░░░░░░░░░░░░░░░░░░░░░░░░░░░░░░░░░░░░░░░░░░░░░░░░░░░░░░░░░░░░░░░░░░░░░░░░░░░░░░░░░░░░░░░] ⏳ 32 pending
2026-01-16 21:40:34,012 - src.embedder - INFO - 🧠 Embedding batch of 32 texts...
2026-01-16 21:40:36,255 - src.embedder - INFO - ✅ Successfully embedded 32 texts
2026-01-16 21:40:36,261 - src.embedder - INFO - ✅ BATCH SUCCESS [Batch 33/160] 📊 1056/5118 completed | ⏳ 4062 pending
2026-01-16 21:40:36,262 - src.embedder - INFO - 🧠 EMBEDDING [Batch 34/160] [██████████████████████████████████░░░░░░░░░░░░░░░░░░░░░░░░░░░░░░░░░░░░░░░░░░░░░░░░░░░░░░░░░░░░░░░░░░░░░░░░░░░░░░░░░░░░░░░░░░░░░░░░░░░░░░░░░░░░░░░░░░░░░░░░░░░░░░] ⏳ 32 pending
2026-01-16 21:40:36,264 - src.embedder - INFO - 🧠 Embedding batch of 32 texts...
2026-01-16 21:40:39,589 - src.embedder - INFO - ✅ Successfully embedded 32 texts
2026-01-16 21:40:39,594 - src.embedder - INFO - ✅ BATCH SUCCESS [Batch 34/160] 📊 1088/5118 completed | ⏳ 4030 pending
2026-01-16 21:40:39,595 - src.embedder - INFO - 🧠 EMBEDDING [Batch 35/160] [███████████████████████████████████░░░░░░░░░░░░░░░░░░░░░░░░░░░░░░░░░░░░░░░░░░░░░░░░░░░░░░░░░░░░░░░░░░░░░░░░░░░░░░░░░░░░░░░░░░░░░░░░░░░░░░░░░░░░░░░░░░░░░░░░░░░░░] ⏳ 32 pending
2026-01-16 21:40:39,596 - src.embedder - INFO - 🧠 Embedding batch of 32 texts...
2026-01-16 21:40:41,580 - src.embedder - INFO - ✅ Successfully embedded 32 texts
2026-01-16 21:40:41,591 - src.embedder - INFO - ✅ BATCH SUCCESS [Batch 35/160] 📊 1120/5118 completed | ⏳ 3998 pending
2026-01-16 21:40:41,614 - src.embedder - INFO - 🧠 EMBEDDING [Batch 36/160] [████████████████████████████████████░░░░░░░░░░░░░░░░░░░░░░░░░░░░░░░░░░░░░░░░░░░░░░░░░░░░░░░░░░░░░░░░░░░░░░░░░░░░░░░░░░░░░░░░░░░░░░░░░░░░░░░░░░░░░░░░░░░░░░░░░░░░] ⏳ 32 pending
2026-01-16 21:40:41,622 - src.embedder - INFO - 🧠 Embedding batch of 32 texts...
2026-01-16 21:40:43,380 - src.embedder - INFO - ✅ Successfully embedded 32 texts
2026-01-16 21:40:43,383 - src.embedder - INFO - ✅ BATCH SUCCESS [Batch 36/160] 📊 1152/5118 completed | ⏳ 3966 pending
2026-01-16 21:40:43,385 - src.embedder - INFO - 🧠 EMBEDDING [Batch 37/160] [█████████████████████████████████████░░░░░░░░░░░░░░░░░░░░░░░░░░░░░░░░░░░░░░░░░░░░░░░░░░░░░░░░░░░░░░░░░░░░░░░░░░░░░░░░░░░░░░░░░░░░░░░░░░░░░░░░░░░░░░░░░░░░░░░░░░░] ⏳ 32 pending
2026-01-16 21:40:43,385 - src.embedder - INFO - 🧠 Embedding batch of 32 texts...
2026-01-16 21:40:45,640 - src.embedder - INFO - ✅ Successfully embedded 32 texts
2026-01-16 21:40:45,644 - src.embedder - INFO - ✅ BATCH SUCCESS [Batch 37/160] 📊 1184/5118 completed | ⏳ 3934 pending
2026-01-16 21:40:45,645 - src.embedder - INFO - 🧠 EMBEDDING [Batch 38/160] [██████████████████████████████████████░░░░░░░░░░░░░░░░░░░░░░░░░░░░░░░░░░░░░░░░░░░░░░░░░░░░░░░░░░░░░░░░░░░░░░░░░░░░░░░░░░░░░░░░░░░░░░░░░░░░░░░░░░░░░░░░░░░░░░░░░░] ⏳ 32 pending
2026-01-16 21:40:45,646 - src.embedder - INFO - 🧠 Embedding batch of 32 texts...
2026-01-16 21:40:47,977 - src.embedder - INFO - ✅ Successfully embedded 32 texts
2026-01-16 21:40:47,982 - src.embedder - INFO - ✅ BATCH SUCCESS [Batch 38/160] 📊 1216/5118 completed | ⏳ 3902 pending
2026-01-16 21:40:47,983 - src.embedder - INFO - 🧠 EMBEDDING [Batch 39/160] [███████████████████████████████████████░░░░░░░░░░░░░░░░░░░░░░░░░░░░░░░░░░░░░░░░░░░░░░░░░░░░░░░░░░░░░░░░░░░░░░░░░░░░░░░░░░░░░░░░░░░░░░░░░░░░░░░░░░░░░░░░░░░░░░░░░] ⏳ 32 pending
2026-01-16 21:40:47,983 - src.embedder - INFO - 🧠 Embedding batch of 32 texts...
2026-01-16 21:40:50,469 - src.embedder - INFO - ✅ Successfully embedded 32 texts
2026-01-16 21:40:50,472 - src.embedder - INFO - ✅ BATCH SUCCESS [Batch 39/160] 📊 1248/5118 completed | ⏳ 3870 pending
2026-01-16 21:40:50,473 - src.embedder - INFO - 🧠 EMBEDDING [Batch 40/160] [████████████████████████████████████████░░░░░░░░░░░░░░░░░░░░░░░░░░░░░░░░░░░░░░░░░░░░░░░░░░░░░░░░░░░░░░░░░░░░░░░░░░░░░░░░░░░░░░░░░░░░░░░░░░░░░░░░░░░░░░░░░░░░░░░░] ⏳ 32 pending
2026-01-16 21:40:50,474 - src.embedder - INFO - 🧠 Embedding batch of 32 texts...
2026-01-16 21:40:53,772 - src.embedder - INFO - ✅ Successfully embedded 32 texts
2026-01-16 21:40:53,776 - src.embedder - INFO - ✅ BATCH SUCCESS [Batch 40/160] 📊 1280/5118 completed | ⏳ 3838 pending
2026-01-16 21:40:53,777 - src.embedder - INFO - 🧠 EMBEDDING [Batch 41/160] [█████████████████████████████████████████░░░░░░░░░░░░░░░░░░░░░░░░░░░░░░░░░░░░░░░░░░░░░░░░░░░░░░░░░░░░░░░░░░░░░░░░░░░░░░░░░░░░░░░░░░░░░░░░░░░░░░░░░░░░░░░░░░░░░░░] ⏳ 32 pending
2026-01-16 21:40:53,779 - src.embedder - INFO - 🧠 Embedding batch of 32 texts...
2026-01-16 21:40:56,163 - src.embedder - INFO - ✅ Successfully embedded 32 texts
2026-01-16 21:40:56,167 - src.embedder - INFO - ✅ BATCH SUCCESS [Batch 41/160] 📊 1312/5118 completed | ⏳ 3806 pending
2026-01-16 21:40:56,168 - src.embedder - INFO - 🧠 EMBEDDING [Batch 42/160] [██████████████████████████████████████████░░░░░░░░░░░░░░░░░░░░░░░░░░░░░░░░░░░░░░░░░░░░░░░░░░░░░░░░░░░░░░░░░░░░░░░░░░░░░░░░░░░░░░░░░░░░░░░░░░░░░░░░░░░░░░░░░░░░░░] ⏳ 32 pending
2026-01-16 21:40:56,169 - src.embedder - INFO - 🧠 Embedding batch of 32 texts...
2026-01-16 21:40:57,951 - src.embedder - INFO - ✅ Successfully embedded 32 texts
2026-01-16 21:40:57,955 - src.embedder - INFO - ✅ BATCH SUCCESS [Batch 42/160] 📊 1344/5118 completed | ⏳ 3774 pending
2026-01-16 21:40:57,962 - src.embedder - INFO - 🧠 EMBEDDING [Batch 43/160] [███████████████████████████████████████████░░░░░░░░░░░░░░░░░░░░░░░░░░░░░░░░░░░░░░░░░░░░░░░░░░░░░░░░░░░░░░░░░░░░░░░░░░░░░░░░░░░░░░░░░░░░░░░░░░░░░░░░░░░░░░░░░░░░░] ⏳ 32 pending
2026-01-16 21:40:57,968 - src.embedder - INFO - 🧠 Embedding batch of 32 texts...
2026-01-16 21:41:00,114 - src.embedder - INFO - ✅ Successfully embedded 32 texts
2026-01-16 21:41:00,118 - src.embedder - INFO - ✅ BATCH SUCCESS [Batch 43/160] 📊 1376/5118 completed | ⏳ 3742 pending
2026-01-16 21:41:00,119 - src.embedder - INFO - 🧠 EMBEDDING [Batch 44/160] [████████████████████████████████████████████░░░░░░░░░░░░░░░░░░░░░░░░░░░░░░░░░░░░░░░░░░░░░░░░░░░░░░░░░░░░░░░░░░░░░░░░░░░░░░░░░░░░░░░░░░░░░░░░░░░░░░░░░░░░░░░░░░░░] ⏳ 32 pending
2026-01-16 21:41:00,120 - src.embedder - INFO - 🧠 Embedding batch of 32 texts...
2026-01-16 21:41:01,972 - src.embedder - INFO - ✅ Successfully embedded 32 texts
2026-01-16 21:41:01,977 - src.embedder - INFO - ✅ BATCH SUCCESS [Batch 44/160] 📊 1408/5118 completed | ⏳ 3710 pending
2026-01-16 21:41:01,978 - src.embedder - INFO - 🧠 EMBEDDING [Batch 45/160] [█████████████████████████████████████████████░░░░░░░░░░░░░░░░░░░░░░░░░░░░░░░░░░░░░░░░░░░░░░░░░░░░░░░░░░░░░░░░░░░░░░░░░░░░░░░░░░░░░░░░░░░░░░░░░░░░░░░░░░░░░░░░░░░] ⏳ 32 pending
2026-01-16 21:41:01,979 - src.embedder - INFO - 🧠 Embedding batch of 32 texts...
2026-01-16 21:41:03,937 - src.embedder - INFO - ✅ Successfully embedded 32 texts
2026-01-16 21:41:03,941 - src.embedder - INFO - ✅ BATCH SUCCESS [Batch 45/160] 📊 1440/5118 completed | ⏳ 3678 pending
2026-01-16 21:41:03,943 - src.embedder - INFO - 🧠 EMBEDDING [Batch 46/160] [██████████████████████████████████████████████░░░░░░░░░░░░░░░░░░░░░░░░░░░░░░░░░░░░░░░░░░░░░░░░░░░░░░░░░░░░░░░░░░░░░░░░░░░░░░░░░░░░░░░░░░░░░░░░░░░░░░░░░░░░░░░░░░] ⏳ 32 pending
2026-01-16 21:41:03,944 - src.embedder - INFO - 🧠 Embedding batch of 32 texts...
2026-01-16 21:41:05,668 - src.embedder - INFO - ✅ Successfully embedded 32 texts
2026-01-16 21:41:05,671 - src.embedder - INFO - ✅ BATCH SUCCESS [Batch 46/160] 📊 1472/5118 completed | ⏳ 3646 pending
2026-01-16 21:41:05,673 - src.embedder - INFO - 🧠 EMBEDDING [Batch 47/160] [███████████████████████████████████████████████░░░░░░░░░░░░░░░░░░░░░░░░░░░░░░░░░░░░░░░░░░░░░░░░░░░░░░░░░░░░░░░░░░░░░░░░░░░░░░░░░░░░░░░░░░░░░░░░░░░░░░░░░░░░░░░░░] ⏳ 32 pending
2026-01-16 21:41:05,675 - src.embedder - INFO - 🧠 Embedding batch of 32 texts...
2026-01-16 21:41:07,635 - src.embedder - INFO - ✅ Successfully embedded 32 texts
2026-01-16 21:41:07,639 - src.embedder - INFO - ✅ BATCH SUCCESS [Batch 47/160] 📊 1504/5118 completed | ⏳ 3614 pending
2026-01-16 21:41:07,640 - src.embedder - INFO - 🧠 EMBEDDING [Batch 48/160] [████████████████████████████████████████████████░░░░░░░░░░░░░░░░░░░░░░░░░░░░░░░░░░░░░░░░░░░░░░░░░░░░░░░░░░░░░░░░░░░░░░░░░░░░░░░░░░░░░░░░░░░░░░░░░░░░░░░░░░░░░░░░] ⏳ 32 pending
2026-01-16 21:41:07,641 - src.embedder - INFO - 🧠 Embedding batch of 32 texts...
2026-01-16 21:41:09,465 - src.embedder - INFO - ✅ Successfully embedded 32 texts
2026-01-16 21:41:09,472 - src.embedder - INFO - ✅ BATCH SUCCESS [Batch 48/160] 📊 1536/5118 completed | ⏳ 3582 pending
2026-01-16 21:41:09,474 - src.embedder - INFO - 🧠 EMBEDDING [Batch 49/160] [█████████████████████████████████████████████████░░░░░░░░░░░░░░░░░░░░░░░░░░░░░░░░░░░░░░░░░░░░░░░░░░░░░░░░░░░░░░░░░░░░░░░░░░░░░░░░░░░░░░░░░░░░░░░░░░░░░░░░░░░░░░░] ⏳ 32 pending
2026-01-16 21:41:09,477 - src.embedder - INFO - 🧠 Embedding batch of 32 texts...
2026-01-16 21:41:12,193 - src.embedder - INFO - ✅ Successfully embedded 32 texts
2026-01-16 21:41:12,196 - src.embedder - INFO - ✅ BATCH SUCCESS [Batch 49/160] 📊 1568/5118 completed | ⏳ 3550 pending
2026-01-16 21:41:12,197 - src.embedder - INFO - 🧠 EMBEDDING [Batch 50/160] [██████████████████████████████████████████████████░░░░░░░░░░░░░░░░░░░░░░░░░░░░░░░░░░░░░░░░░░░░░░░░░░░░░░░░░░░░░░░░░░░░░░░░░░░░░░░░░░░░░░░░░░░░░░░░░░░░░░░░░░░░░░] ⏳ 32 pending
2026-01-16 21:41:12,197 - src.embedder - INFO - 🧠 Embedding batch of 32 texts...
2026-01-16 21:41:14,622 - src.embedder - INFO - ✅ Successfully embedded 32 texts
2026-01-16 21:41:14,626 - src.embedder - INFO - ✅ BATCH SUCCESS [Batch 50/160] 📊 1600/5118 completed | ⏳ 3518 pending
2026-01-16 21:41:14,627 - src.embedder - INFO - 🧠 EMBEDDING [Batch 51/160] [███████████████████████████████████████████████████░░░░░░░░░░░░░░░░░░░░░░░░░░░░░░░░░░░░░░░░░░░░░░░░░░░░░░░░░░░░░░░░░░░░░░░░░░░░░░░░░░░░░░░░░░░░░░░░░░░░░░░░░░░░░] ⏳ 32 pending
2026-01-16 21:41:14,627 - src.embedder - INFO - 🧠 Embedding batch of 32 texts...
2026-01-16 21:41:16,588 - src.embedder - INFO - ✅ Successfully embedded 32 texts
2026-01-16 21:41:16,594 - src.embedder - INFO - ✅ BATCH SUCCESS [Batch 51/160] 📊 1632/5118 completed | ⏳ 3486 pending
2026-01-16 21:41:16,595 - src.embedder - INFO - 🧠 EMBEDDING [Batch 52/160] [████████████████████████████████████████████████████░░░░░░░░░░░░░░░░░░░░░░░░░░░░░░░░░░░░░░░░░░░░░░░░░░░░░░░░░░░░░░░░░░░░░░░░░░░░░░░░░░░░░░░░░░░░░░░░░░░░░░░░░░░░] ⏳ 32 pending
2026-01-16 21:41:16,596 - src.embedder - INFO - 🧠 Embedding batch of 32 texts...
2026-01-16 21:41:18,763 - src.embedder - INFO - ✅ Successfully embedded 32 texts
2026-01-16 21:41:18,767 - src.embedder - INFO - ✅ BATCH SUCCESS [Batch 52/160] 📊 1664/5118 completed | ⏳ 3454 pending
2026-01-16 21:41:18,768 - src.embedder - INFO - 🧠 EMBEDDING [Batch 53/160] [█████████████████████████████████████████████████████░░░░░░░░░░░░░░░░░░░░░░░░░░░░░░░░░░░░░░░░░░░░░░░░░░░░░░░░░░░░░░░░░░░░░░░░░░░░░░░░░░░░░░░░░░░░░░░░░░░░░░░░░░░] ⏳ 32 pending
2026-01-16 21:41:18,769 - src.embedder - INFO - 🧠 Embedding batch of 32 texts...
2026-01-16 21:41:21,092 - src.embedder - INFO - ✅ Successfully embedded 32 texts
2026-01-16 21:41:21,098 - src.embedder - INFO - ✅ BATCH SUCCESS [Batch 53/160] 📊 1696/5118 completed | ⏳ 3422 pending
2026-01-16 21:41:21,099 - src.embedder - INFO - 🧠 EMBEDDING [Batch 54/160] [██████████████████████████████████████████████████████░░░░░░░░░░░░░░░░░░░░░░░░░░░░░░░░░░░░░░░░░░░░░░░░░░░░░░░░░░░░░░░░░░░░░░░░░░░░░░░░░░░░░░░░░░░░░░░░░░░░░░░░░░] ⏳ 32 pending
2026-01-16 21:41:21,100 - src.embedder - INFO - 🧠 Embedding batch of 32 texts...
2026-01-16 21:41:23,098 - src.embedder - INFO - ✅ Successfully embedded 32 texts
2026-01-16 21:41:23,102 - src.embedder - INFO - ✅ BATCH SUCCESS [Batch 54/160] 📊 1728/5118 completed | ⏳ 3390 pending
2026-01-16 21:41:23,102 - src.embedder - INFO - 🧠 EMBEDDING [Batch 55/160] [███████████████████████████████████████████████████████░░░░░░░░░░░░░░░░░░░░░░░░░░░░░░░░░░░░░░░░░░░░░░░░░░░░░░░░░░░░░░░░░░░░░░░░░░░░░░░░░░░░░░░░░░░░░░░░░░░░░░░░░] ⏳ 32 pending
2026-01-16 21:41:23,103 - src.embedder - INFO - 🧠 Embedding batch of 32 texts...
2026-01-16 21:41:25,978 - src.embedder - INFO - ✅ Successfully embedded 32 texts
2026-01-16 21:41:25,984 - src.embedder - INFO - ✅ BATCH SUCCESS [Batch 55/160] 📊 1760/5118 completed | ⏳ 3358 pending
2026-01-16 21:41:25,985 - src.embedder - INFO - 🧠 EMBEDDING [Batch 56/160] [████████████████████████████████████████████████████████░░░░░░░░░░░░░░░░░░░░░░░░░░░░░░░░░░░░░░░░░░░░░░░░░░░░░░░░░░░░░░░░░░░░░░░░░░░░░░░░░░░░░░░░░░░░░░░░░░░░░░░░] ⏳ 32 pending
2026-01-16 21:41:25,988 - src.embedder - INFO - 🧠 Embedding batch of 32 texts...
2026-01-16 21:41:28,420 - src.embedder - INFO - ✅ Successfully embedded 32 texts
2026-01-16 21:41:28,425 - src.embedder - INFO - ✅ BATCH SUCCESS [Batch 56/160] 📊 1792/5118 completed | ⏳ 3326 pending
2026-01-16 21:41:28,425 - src.embedder - INFO - 🧠 EMBEDDING [Batch 57/160] [█████████████████████████████████████████████████████████░░░░░░░░░░░░░░░░░░░░░░░░░░░░░░░░░░░░░░░░░░░░░░░░░░░░░░░░░░░░░░░░░░░░░░░░░░░░░░░░░░░░░░░░░░░░░░░░░░░░░░░] ⏳ 32 pending
2026-01-16 21:41:28,426 - src.embedder - INFO - 🧠 Embedding batch of 32 texts...
2026-01-16 21:41:31,314 - src.embedder - INFO - ✅ Successfully embedded 32 texts
2026-01-16 21:41:31,318 - src.embedder - INFO - ✅ BATCH SUCCESS [Batch 57/160] 📊 1824/5118 completed | ⏳ 3294 pending
2026-01-16 21:41:31,322 - src.embedder - INFO - 🧠 EMBEDDING [Batch 58/160] [██████████████████████████████████████████████████████████░░░░░░░░░░░░░░░░░░░░░░░░░░░░░░░░░░░░░░░░░░░░░░░░░░░░░░░░░░░░░░░░░░░░░░░░░░░░░░░░░░░░░░░░░░░░░░░░░░░░░░] ⏳ 32 pending
2026-01-16 21:41:31,324 - src.embedder - INFO - 🧠 Embedding batch of 32 texts...
2026-01-16 21:41:33,061 - src.embedder - INFO - ✅ Successfully embedded 32 texts
2026-01-16 21:41:33,066 - src.embedder - INFO - ✅ BATCH SUCCESS [Batch 58/160] 📊 1856/5118 completed | ⏳ 3262 pending
2026-01-16 21:41:33,066 - src.embedder - INFO - 🧠 EMBEDDING [Batch 59/160] [███████████████████████████████████████████████████████████░░░░░░░░░░░░░░░░░░░░░░░░░░░░░░░░░░░░░░░░░░░░░░░░░░░░░░░░░░░░░░░░░░░░░░░░░░░░░░░░░░░░░░░░░░░░░░░░░░░░░] ⏳ 32 pending
2026-01-16 21:41:33,067 - src.embedder - INFO - 🧠 Embedding batch of 32 texts...
2026-01-16 21:41:34,764 - src.embedder - INFO - ✅ Successfully embedded 32 texts
2026-01-16 21:41:34,768 - src.embedder - INFO - ✅ BATCH SUCCESS [Batch 59/160] 📊 1888/5118 completed | ⏳ 3230 pending
2026-01-16 21:41:34,769 - src.embedder - INFO - 🧠 EMBEDDING [Batch 60/160] [████████████████████████████████████████████████████████████░░░░░░░░░░░░░░░░░░░░░░░░░░░░░░░░░░░░░░░░░░░░░░░░░░░░░░░░░░░░░░░░░░░░░░░░░░░░░░░░░░░░░░░░░░░░░░░░░░░░] ⏳ 32 pending
2026-01-16 21:41:34,769 - src.embedder - INFO - 🧠 Embedding batch of 32 texts...
2026-01-16 21:41:36,521 - src.embedder - INFO - ✅ Successfully embedded 32 texts
2026-01-16 21:41:36,527 - src.embedder - INFO - ✅ BATCH SUCCESS [Batch 60/160] 📊 1920/5118 completed | ⏳ 3198 pending
2026-01-16 21:41:36,527 - src.embedder - INFO - 🧠 EMBEDDING [Batch 61/160] [█████████████████████████████████████████████████████████████░░░░░░░░░░░░░░░░░░░░░░░░░░░░░░░░░░░░░░░░░░░░░░░░░░░░░░░░░░░░░░░░░░░░░░░░░░░░░░░░░░░░░░░░░░░░░░░░░░░] ⏳ 32 pending
2026-01-16 21:41:36,528 - src.embedder - INFO - 🧠 Embedding batch of 32 texts...
2026-01-16 21:41:38,218 - src.embedder - INFO - ✅ Successfully embedded 32 texts
2026-01-16 21:41:38,226 - src.embedder - INFO - ✅ BATCH SUCCESS [Batch 61/160] 📊 1952/5118 completed | ⏳ 3166 pending
2026-01-16 21:41:38,228 - src.embedder - INFO - 🧠 EMBEDDING [Batch 62/160] [██████████████████████████████████████████████████████████████░░░░░░░░░░░░░░░░░░░░░░░░░░░░░░░░░░░░░░░░░░░░░░░░░░░░░░░░░░░░░░░░░░░░░░░░░░░░░░░░░░░░░░░░░░░░░░░░░░] ⏳ 32 pending
2026-01-16 21:41:38,232 - src.embedder - INFO - 🧠 Embedding batch of 32 texts...
2026-01-16 21:41:40,109 - src.embedder - INFO - ✅ Successfully embedded 32 texts
2026-01-16 21:41:40,113 - src.embedder - INFO - ✅ BATCH SUCCESS [Batch 62/160] 📊 1984/5118 completed | ⏳ 3134 pending
2026-01-16 21:41:40,114 - src.embedder - INFO - 🧠 EMBEDDING [Batch 63/160] [███████████████████████████████████████████████████████████████░░░░░░░░░░░░░░░░░░░░░░░░░░░░░░░░░░░░░░░░░░░░░░░░░░░░░░░░░░░░░░░░░░░░░░░░░░░░░░░░░░░░░░░░░░░░░░░░░] ⏳ 32 pending
2026-01-16 21:41:40,115 - src.embedder - INFO - 🧠 Embedding batch of 32 texts...
2026-01-16 21:41:42,086 - src.embedder - INFO - ✅ Successfully embedded 32 texts
2026-01-16 21:41:42,090 - src.embedder - INFO - ✅ BATCH SUCCESS [Batch 63/160] 📊 2016/5118 completed | ⏳ 3102 pending
2026-01-16 21:41:42,091 - src.embedder - INFO - 🧠 EMBEDDING [Batch 64/160] [████████████████████████████████████████████████████████████████░░░░░░░░░░░░░░░░░░░░░░░░░░░░░░░░░░░░░░░░░░░░░░░░░░░░░░░░░░░░░░░░░░░░░░░░░░░░░░░░░░░░░░░░░░░░░░░░] ⏳ 32 pending
2026-01-16 21:41:42,093 - src.embedder - INFO - 🧠 Embedding batch of 32 texts...
2026-01-16 21:41:44,301 - src.embedder - INFO - ✅ Successfully embedded 32 texts
2026-01-16 21:41:44,307 - src.embedder - INFO - ✅ BATCH SUCCESS [Batch 64/160] 📊 2048/5118 completed | ⏳ 3070 pending
2026-01-16 21:41:44,311 - src.embedder - INFO - 🧠 EMBEDDING [Batch 65/160] [█████████████████████████████████████████████████████████████████░░░░░░░░░░░░░░░░░░░░░░░░░░░░░░░░░░░░░░░░░░░░░░░░░░░░░░░░░░░░░░░░░░░░░░░░░░░░░░░░░░░░░░░░░░░░░░░] ⏳ 32 pending
2026-01-16 21:41:44,314 - src.embedder - INFO - 🧠 Embedding batch of 32 texts...
2026-01-16 21:41:47,056 - src.embedder - INFO - ✅ Successfully embedded 32 texts
2026-01-16 21:41:47,061 - src.embedder - INFO - ✅ BATCH SUCCESS [Batch 65/160] 📊 2080/5118 completed | ⏳ 3038 pending
2026-01-16 21:41:47,062 - src.embedder - INFO - 🧠 EMBEDDING [Batch 66/160] [██████████████████████████████████████████████████████████████████░░░░░░░░░░░░░░░░░░░░░░░░░░░░░░░░░░░░░░░░░░░░░░░░░░░░░░░░░░░░░░░░░░░░░░░░░░░░░░░░░░░░░░░░░░░░░░] ⏳ 32 pending
2026-01-16 21:41:47,063 - src.embedder - INFO - 🧠 Embedding batch of 32 texts...
2026-01-16 21:41:49,070 - src.embedder - INFO - ✅ Successfully embedded 32 texts
2026-01-16 21:41:49,075 - src.embedder - INFO - ✅ BATCH SUCCESS [Batch 66/160] 📊 2112/5118 completed | ⏳ 3006 pending
2026-01-16 21:41:49,076 - src.embedder - INFO - 🧠 EMBEDDING [Batch 67/160] [███████████████████████████████████████████████████████████████████░░░░░░░░░░░░░░░░░░░░░░░░░░░░░░░░░░░░░░░░░░░░░░░░░░░░░░░░░░░░░░░░░░░░░░░░░░░░░░░░░░░░░░░░░░░░░] ⏳ 32 pending
2026-01-16 21:41:49,077 - src.embedder - INFO - 🧠 Embedding batch of 32 texts...
2026-01-16 21:41:51,410 - src.embedder - INFO - ✅ Successfully embedded 32 texts
2026-01-16 21:41:51,414 - src.embedder - INFO - ✅ BATCH SUCCESS [Batch 67/160] 📊 2144/5118 completed | ⏳ 2974 pending
2026-01-16 21:41:51,415 - src.embedder - INFO - 🧠 EMBEDDING [Batch 68/160] [████████████████████████████████████████████████████████████████████░░░░░░░░░░░░░░░░░░░░░░░░░░░░░░░░░░░░░░░░░░░░░░░░░░░░░░░░░░░░░░░░░░░░░░░░░░░░░░░░░░░░░░░░░░░░] ⏳ 32 pending
2026-01-16 21:41:51,416 - src.embedder - INFO - 🧠 Embedding batch of 32 texts...
2026-01-16 21:41:53,261 - src.embedder - INFO - ✅ Successfully embedded 32 texts
2026-01-16 21:41:53,266 - src.embedder - INFO - ✅ BATCH SUCCESS [Batch 68/160] 📊 2176/5118 completed | ⏳ 2942 pending
2026-01-16 21:41:53,267 - src.embedder - INFO - 🧠 EMBEDDING [Batch 69/160] [█████████████████████████████████████████████████████████████████████░░░░░░░░░░░░░░░░░░░░░░░░░░░░░░░░░░░░░░░░░░░░░░░░░░░░░░░░░░░░░░░░░░░░░░░░░░░░░░░░░░░░░░░░░░░] ⏳ 32 pending
2026-01-16 21:41:53,268 - src.embedder - INFO - 🧠 Embedding batch of 32 texts...
2026-01-16 21:41:55,300 - src.embedder - INFO - ✅ Successfully embedded 32 texts
2026-01-16 21:41:55,304 - src.embedder - INFO - ✅ BATCH SUCCESS [Batch 69/160] 📊 2208/5118 completed | ⏳ 2910 pending
2026-01-16 21:41:55,305 - src.embedder - INFO - 🧠 EMBEDDING [Batch 70/160] [██████████████████████████████████████████████████████████████████████░░░░░░░░░░░░░░░░░░░░░░░░░░░░░░░░░░░░░░░░░░░░░░░░░░░░░░░░░░░░░░░░░░░░░░░░░░░░░░░░░░░░░░░░░░] ⏳ 32 pending
2026-01-16 21:41:55,306 - src.embedder - INFO - 🧠 Embedding batch of 32 texts...
2026-01-16 21:41:57,907 - src.embedder - INFO - ✅ Successfully embedded 32 texts
2026-01-16 21:41:57,910 - src.embedder - INFO - ✅ BATCH SUCCESS [Batch 70/160] 📊 2240/5118 completed | ⏳ 2878 pending
2026-01-16 21:41:57,911 - src.embedder - INFO - 🧠 EMBEDDING [Batch 71/160] [███████████████████████████████████████████████████████████████████████░░░░░░░░░░░░░░░░░░░░░░░░░░░░░░░░░░░░░░░░░░░░░░░░░░░░░░░░░░░░░░░░░░░░░░░░░░░░░░░░░░░░░░░░░] ⏳ 32 pending
2026-01-16 21:41:57,911 - src.embedder - INFO - 🧠 Embedding batch of 32 texts...
2026-01-16 21:41:59,773 - src.embedder - INFO - ✅ Successfully embedded 32 texts
2026-01-16 21:41:59,778 - src.embedder - INFO - ✅ BATCH SUCCESS [Batch 71/160] 📊 2272/5118 completed | ⏳ 2846 pending
2026-01-16 21:41:59,779 - src.embedder - INFO - 🧠 EMBEDDING [Batch 72/160] [████████████████████████████████████████████████████████████████████████░░░░░░░░░░░░░░░░░░░░░░░░░░░░░░░░░░░░░░░░░░░░░░░░░░░░░░░░░░░░░░░░░░░░░░░░░░░░░░░░░░░░░░░░] ⏳ 32 pending
2026-01-16 21:41:59,780 - src.embedder - INFO - 🧠 Embedding batch of 32 texts...
2026-01-16 21:42:01,586 - src.embedder - INFO - ✅ Successfully embedded 32 texts
2026-01-16 21:42:01,590 - src.embedder - INFO - ✅ BATCH SUCCESS [Batch 72/160] 📊 2304/5118 completed | ⏳ 2814 pending
2026-01-16 21:42:01,591 - src.embedder - INFO - 🧠 EMBEDDING [Batch 73/160] [█████████████████████████████████████████████████████████████████████████░░░░░░░░░░░░░░░░░░░░░░░░░░░░░░░░░░░░░░░░░░░░░░░░░░░░░░░░░░░░░░░░░░░░░░░░░░░░░░░░░░░░░░░] ⏳ 32 pending
2026-01-16 21:42:01,592 - src.embedder - INFO - 🧠 Embedding batch of 32 texts...
2026-01-16 21:42:03,764 - src.embedder - INFO - ✅ Successfully embedded 32 texts
2026-01-16 21:42:03,772 - src.embedder - INFO - ✅ BATCH SUCCESS [Batch 73/160] 📊 2336/5118 completed | ⏳ 2782 pending
2026-01-16 21:42:03,773 - src.embedder - INFO - 🧠 EMBEDDING [Batch 74/160] [██████████████████████████████████████████████████████████████████████████░░░░░░░░░░░░░░░░░░░░░░░░░░░░░░░░░░░░░░░░░░░░░░░░░░░░░░░░░░░░░░░░░░░░░░░░░░░░░░░░░░░░░░] ⏳ 32 pending
2026-01-16 21:42:03,774 - src.embedder - INFO - 🧠 Embedding batch of 32 texts...
2026-01-16 21:42:05,589 - src.embedder - INFO - ✅ Successfully embedded 32 texts
2026-01-16 21:42:05,594 - src.embedder - INFO - ✅ BATCH SUCCESS [Batch 74/160] 📊 2368/5118 completed | ⏳ 2750 pending
2026-01-16 21:42:05,595 - src.embedder - INFO - 🧠 EMBEDDING [Batch 75/160] [███████████████████████████████████████████████████████████████████████████░░░░░░░░░░░░░░░░░░░░░░░░░░░░░░░░░░░░░░░░░░░░░░░░░░░░░░░░░░░░░░░░░░░░░░░░░░░░░░░░░░░░░] ⏳ 32 pending
2026-01-16 21:42:05,596 - src.embedder - INFO - 🧠 Embedding batch of 32 texts...
2026-01-16 21:42:07,774 - src.embedder - INFO - ✅ Successfully embedded 32 texts
2026-01-16 21:42:07,778 - src.embedder - INFO - ✅ BATCH SUCCESS [Batch 75/160] 📊 2400/5118 completed | ⏳ 2718 pending
2026-01-16 21:42:07,779 - src.embedder - INFO - 🧠 EMBEDDING [Batch 76/160] [████████████████████████████████████████████████████████████████████████████░░░░░░░░░░░░░░░░░░░░░░░░░░░░░░░░░░░░░░░░░░░░░░░░░░░░░░░░░░░░░░░░░░░░░░░░░░░░░░░░░░░░] ⏳ 32 pending
2026-01-16 21:42:07,780 - src.embedder - INFO - 🧠 Embedding batch of 32 texts...
2026-01-16 21:42:09,585 - src.embedder - INFO - ✅ Successfully embedded 32 texts
2026-01-16 21:42:09,588 - src.embedder - INFO - ✅ BATCH SUCCESS [Batch 76/160] 📊 2432/5118 completed | ⏳ 2686 pending
2026-01-16 21:42:09,589 - src.embedder - INFO - 🧠 EMBEDDING [Batch 77/160] [█████████████████████████████████████████████████████████████████████████████░░░░░░░░░░░░░░░░░░░░░░░░░░░░░░░░░░░░░░░░░░░░░░░░░░░░░░░░░░░░░░░░░░░░░░░░░░░░░░░░░░░] ⏳ 32 pending
2026-01-16 21:42:09,590 - src.embedder - INFO - 🧠 Embedding batch of 32 texts...
2026-01-16 21:42:11,484 - src.embedder - INFO - ✅ Successfully embedded 32 texts
2026-01-16 21:42:11,487 - src.embedder - INFO - ✅ BATCH SUCCESS [Batch 77/160] 📊 2464/5118 completed | ⏳ 2654 pending
2026-01-16 21:42:11,488 - src.embedder - INFO - 🧠 EMBEDDING [Batch 78/160] [██████████████████████████████████████████████████████████████████████████████░░░░░░░░░░░░░░░░░░░░░░░░░░░░░░░░░░░░░░░░░░░░░░░░░░░░░░░░░░░░░░░░░░░░░░░░░░░░░░░░░░] ⏳ 32 pending
2026-01-16 21:42:11,489 - src.embedder - INFO - 🧠 Embedding batch of 32 texts...
2026-01-16 21:42:13,385 - src.embedder - INFO - ✅ Successfully embedded 32 texts
2026-01-16 21:42:13,389 - src.embedder - INFO - ✅ BATCH SUCCESS [Batch 78/160] 📊 2496/5118 completed | ⏳ 2622 pending
2026-01-16 21:42:13,390 - src.embedder - INFO - 🧠 EMBEDDING [Batch 79/160] [███████████████████████████████████████████████████████████████████████████████░░░░░░░░░░░░░░░░░░░░░░░░░░░░░░░░░░░░░░░░░░░░░░░░░░░░░░░░░░░░░░░░░░░░░░░░░░░░░░░░░] ⏳ 32 pending
2026-01-16 21:42:13,391 - src.embedder - INFO - 🧠 Embedding batch of 32 texts...
2026-01-16 21:42:15,420 - src.embedder - INFO - ✅ Successfully embedded 32 texts
2026-01-16 21:42:15,424 - src.embedder - INFO - ✅ BATCH SUCCESS [Batch 79/160] 📊 2528/5118 completed | ⏳ 2590 pending
2026-01-16 21:42:15,425 - src.embedder - INFO - 🧠 EMBEDDING [Batch 80/160] [████████████████████████████████████████████████████████████████████████████████░░░░░░░░░░░░░░░░░░░░░░░░░░░░░░░░░░░░░░░░░░░░░░░░░░░░░░░░░░░░░░░░░░░░░░░░░░░░░░░░] ⏳ 32 pending
2026-01-16 21:42:15,426 - src.embedder - INFO - 🧠 Embedding batch of 32 texts...
2026-01-16 21:42:17,858 - src.embedder - INFO - ✅ Successfully embedded 32 texts
2026-01-16 21:42:17,863 - src.embedder - INFO - ✅ BATCH SUCCESS [Batch 80/160] 📊 2560/5118 completed | ⏳ 2558 pending
2026-01-16 21:42:17,865 - src.embedder - INFO - 🧠 EMBEDDING [Batch 81/160] [█████████████████████████████████████████████████████████████████████████████████░░░░░░░░░░░░░░░░░░░░░░░░░░░░░░░░░░░░░░░░░░░░░░░░░░░░░░░░░░░░░░░░░░░░░░░░░░░░░░░] ⏳ 32 pending
2026-01-16 21:42:17,866 - src.embedder - INFO - 🧠 Embedding batch of 32 texts...
2026-01-16 21:42:19,535 - src.embedder - INFO - ✅ Successfully embedded 32 texts
2026-01-16 21:42:19,539 - src.embedder - INFO - ✅ BATCH SUCCESS [Batch 81/160] 📊 2592/5118 completed | ⏳ 2526 pending
2026-01-16 21:42:19,540 - src.embedder - INFO - 🧠 EMBEDDING [Batch 82/160] [██████████████████████████████████████████████████████████████████████████████████░░░░░░░░░░░░░░░░░░░░░░░░░░░░░░░░░░░░░░░░░░░░░░░░░░░░░░░░░░░░░░░░░░░░░░░░░░░░░░] ⏳ 32 pending
2026-01-16 21:42:19,541 - src.embedder - INFO - 🧠 Embedding batch of 32 texts...
2026-01-16 21:42:21,321 - src.embedder - INFO - ✅ Successfully embedded 32 texts
2026-01-16 21:42:21,326 - src.embedder - INFO - ✅ BATCH SUCCESS [Batch 82/160] 📊 2624/5118 completed | ⏳ 2494 pending
2026-01-16 21:42:21,327 - src.embedder - INFO - 🧠 EMBEDDING [Batch 83/160] [███████████████████████████████████████████████████████████████████████████████████░░░░░░░░░░░░░░░░░░░░░░░░░░░░░░░░░░░░░░░░░░░░░░░░░░░░░░░░░░░░░░░░░░░░░░░░░░░░░] ⏳ 32 pending
2026-01-16 21:42:21,328 - src.embedder - INFO - 🧠 Embedding batch of 32 texts...
2026-01-16 21:42:23,483 - src.embedder - INFO - ✅ Successfully embedded 32 texts
2026-01-16 21:42:23,491 - src.embedder - INFO - ✅ BATCH SUCCESS [Batch 83/160] 📊 2656/5118 completed | ⏳ 2462 pending
2026-01-16 21:42:23,492 - src.embedder - INFO - 🧠 EMBEDDING [Batch 84/160] [████████████████████████████████████████████████████████████████████████████████████░░░░░░░░░░░░░░░░░░░░░░░░░░░░░░░░░░░░░░░░░░░░░░░░░░░░░░░░░░░░░░░░░░░░░░░░░░░░] ⏳ 32 pending
2026-01-16 21:42:23,493 - src.embedder - INFO - 🧠 Embedding batch of 32 texts...
2026-01-16 21:42:25,339 - src.embedder - INFO - ✅ Successfully embedded 32 texts
2026-01-16 21:42:25,344 - src.embedder - INFO - ✅ BATCH SUCCESS [Batch 84/160] 📊 2688/5118 completed | ⏳ 2430 pending
2026-01-16 21:42:25,345 - src.embedder - INFO - 🧠 EMBEDDING [Batch 85/160] [█████████████████████████████████████████████████████████████████████████████████████░░░░░░░░░░░░░░░░░░░░░░░░░░░░░░░░░░░░░░░░░░░░░░░░░░░░░░░░░░░░░░░░░░░░░░░░░░░] ⏳ 32 pending
2026-01-16 21:42:25,349 - src.embedder - INFO - 🧠 Embedding batch of 32 texts...
2026-01-16 21:42:27,441 - src.embedder - INFO - ✅ Successfully embedded 32 texts
2026-01-16 21:42:27,446 - src.embedder - INFO - ✅ BATCH SUCCESS [Batch 85/160] 📊 2720/5118 completed | ⏳ 2398 pending
2026-01-16 21:42:27,448 - src.embedder - INFO - 🧠 EMBEDDING [Batch 86/160] [██████████████████████████████████████████████████████████████████████████████████████░░░░░░░░░░░░░░░░░░░░░░░░░░░░░░░░░░░░░░░░░░░░░░░░░░░░░░░░░░░░░░░░░░░░░░░░░░] ⏳ 32 pending
2026-01-16 21:42:27,451 - src.embedder - INFO - 🧠 Embedding batch of 32 texts...
2026-01-16 21:42:29,271 - src.embedder - INFO - ✅ Successfully embedded 32 texts
2026-01-16 21:42:29,274 - src.embedder - INFO - ✅ BATCH SUCCESS [Batch 86/160] 📊 2752/5118 completed | ⏳ 2366 pending
2026-01-16 21:42:29,276 - src.embedder - INFO - 🧠 EMBEDDING [Batch 87/160] [███████████████████████████████████████████████████████████████████████████████████████░░░░░░░░░░░░░░░░░░░░░░░░░░░░░░░░░░░░░░░░░░░░░░░░░░░░░░░░░░░░░░░░░░░░░░░░░] ⏳ 32 pending
2026-01-16 21:42:29,277 - src.embedder - INFO - 🧠 Embedding batch of 32 texts...
2026-01-16 21:42:31,231 - src.embedder - INFO - ✅ Successfully embedded 32 texts
2026-01-16 21:42:31,234 - src.embedder - INFO - ✅ BATCH SUCCESS [Batch 87/160] 📊 2784/5118 completed | ⏳ 2334 pending
2026-01-16 21:42:31,235 - src.embedder - INFO - 🧠 EMBEDDING [Batch 88/160] [████████████████████████████████████████████████████████████████████████████████████████░░░░░░░░░░░░░░░░░░░░░░░░░░░░░░░░░░░░░░░░░░░░░░░░░░░░░░░░░░░░░░░░░░░░░░░░] ⏳ 32 pending
2026-01-16 21:42:31,236 - src.embedder - INFO - 🧠 Embedding batch of 32 texts...
2026-01-16 21:42:33,138 - src.embedder - INFO - ✅ Successfully embedded 32 texts
2026-01-16 21:42:33,141 - src.embedder - INFO - ✅ BATCH SUCCESS [Batch 88/160] 📊 2816/5118 completed | ⏳ 2302 pending
2026-01-16 21:42:33,142 - src.embedder - INFO - 🧠 EMBEDDING [Batch 89/160] [█████████████████████████████████████████████████████████████████████████████████████████░░░░░░░░░░░░░░░░░░░░░░░░░░░░░░░░░░░░░░░░░░░░░░░░░░░░░░░░░░░░░░░░░░░░░░░] ⏳ 32 pending
2026-01-16 21:42:33,143 - src.embedder - INFO - 🧠 Embedding batch of 32 texts...
2026-01-16 21:42:34,822 - src.embedder - INFO - ✅ Successfully embedded 32 texts
2026-01-16 21:42:34,826 - src.embedder - INFO - ✅ BATCH SUCCESS [Batch 89/160] 📊 2848/5118 completed | ⏳ 2270 pending
2026-01-16 21:42:34,827 - src.embedder - INFO - 🧠 EMBEDDING [Batch 90/160] [██████████████████████████████████████████████████████████████████████████████████████████░░░░░░░░░░░░░░░░░░░░░░░░░░░░░░░░░░░░░░░░░░░░░░░░░░░░░░░░░░░░░░░░░░░░░░] ⏳ 32 pending
2026-01-16 21:42:34,829 - src.embedder - INFO - 🧠 Embedding batch of 32 texts...
2026-01-16 21:42:36,548 - src.embedder - INFO - ✅ Successfully embedded 32 texts
2026-01-16 21:42:36,553 - src.embedder - INFO - ✅ BATCH SUCCESS [Batch 90/160] 📊 2880/5118 completed | ⏳ 2238 pending
2026-01-16 21:42:36,554 - src.embedder - INFO - 🧠 EMBEDDING [Batch 91/160] [███████████████████████████████████████████████████████████████████████████████████████████░░░░░░░░░░░░░░░░░░░░░░░░░░░░░░░░░░░░░░░░░░░░░░░░░░░░░░░░░░░░░░░░░░░░░] ⏳ 32 pending
2026-01-16 21:42:36,555 - src.embedder - INFO - 🧠 Embedding batch of 32 texts...
2026-01-16 21:42:39,655 - src.embedder - INFO - ✅ Successfully embedded 32 texts
2026-01-16 21:42:39,660 - src.embedder - INFO - ✅ BATCH SUCCESS [Batch 91/160] 📊 2912/5118 completed | ⏳ 2206 pending
2026-01-16 21:42:39,661 - src.embedder - INFO - 🧠 EMBEDDING [Batch 92/160] [████████████████████████████████████████████████████████████████████████████████████████████░░░░░░░░░░░░░░░░░░░░░░░░░░░░░░░░░░░░░░░░░░░░░░░░░░░░░░░░░░░░░░░░░░░░] ⏳ 32 pending
2026-01-16 21:42:39,662 - src.embedder - INFO - 🧠 Embedding batch of 32 texts...
2026-01-16 21:42:41,604 - src.embedder - INFO - ✅ Successfully embedded 32 texts
2026-01-16 21:42:41,611 - src.embedder - INFO - ✅ BATCH SUCCESS [Batch 92/160] 📊 2944/5118 completed | ⏳ 2174 pending
2026-01-16 21:42:41,614 - src.embedder - INFO - 🧠 EMBEDDING [Batch 93/160] [█████████████████████████████████████████████████████████████████████████████████████████████░░░░░░░░░░░░░░░░░░░░░░░░░░░░░░░░░░░░░░░░░░░░░░░░░░░░░░░░░░░░░░░░░░░] ⏳ 32 pending
2026-01-16 21:42:41,617 - src.embedder - INFO - 🧠 Embedding batch of 32 texts...
2026-01-16 21:42:43,329 - src.embedder - INFO - ✅ Successfully embedded 32 texts
2026-01-16 21:42:43,332 - src.embedder - INFO - ✅ BATCH SUCCESS [Batch 93/160] 📊 2976/5118 completed | ⏳ 2142 pending
2026-01-16 21:42:43,332 - src.embedder - INFO - 🧠 EMBEDDING [Batch 94/160] [██████████████████████████████████████████████████████████████████████████████████████████████░░░░░░░░░░░░░░░░░░░░░░░░░░░░░░░░░░░░░░░░░░░░░░░░░░░░░░░░░░░░░░░░░░] ⏳ 32 pending
2026-01-16 21:42:43,333 - src.embedder - INFO - 🧠 Embedding batch of 32 texts...
2026-01-16 21:42:45,027 - src.embedder - INFO - ✅ Successfully embedded 32 texts
2026-01-16 21:42:45,031 - src.embedder - INFO - ✅ BATCH SUCCESS [Batch 94/160] 📊 3008/5118 completed | ⏳ 2110 pending
2026-01-16 21:42:45,033 - src.embedder - INFO - 🧠 EMBEDDING [Batch 95/160] [███████████████████████████████████████████████████████████████████████████████████████████████░░░░░░░░░░░░░░░░░░░░░░░░░░░░░░░░░░░░░░░░░░░░░░░░░░░░░░░░░░░░░░░░░] ⏳ 32 pending
2026-01-16 21:42:45,034 - src.embedder - INFO - 🧠 Embedding batch of 32 texts...
2026-01-16 21:42:46,850 - src.embedder - INFO - ✅ Successfully embedded 32 texts
2026-01-16 21:42:46,854 - src.embedder - INFO - ✅ BATCH SUCCESS [Batch 95/160] 📊 3040/5118 completed | ⏳ 2078 pending
2026-01-16 21:42:46,855 - src.embedder - INFO - 🧠 EMBEDDING [Batch 96/160] [████████████████████████████████████████████████████████████████████████████████████████████████░░░░░░░░░░░░░░░░░░░░░░░░░░░░░░░░░░░░░░░░░░░░░░░░░░░░░░░░░░░░░░░░] ⏳ 32 pending
2026-01-16 21:42:46,855 - src.embedder - INFO - 🧠 Embedding batch of 32 texts...
2026-01-16 21:42:48,484 - src.embedder - INFO - ✅ Successfully embedded 32 texts
2026-01-16 21:42:48,488 - src.embedder - INFO - ✅ BATCH SUCCESS [Batch 96/160] 📊 3072/5118 completed | ⏳ 2046 pending
2026-01-16 21:42:48,489 - src.embedder - INFO - 🧠 EMBEDDING [Batch 97/160] [█████████████████████████████████████████████████████████████████████████████████████████████████░░░░░░░░░░░░░░░░░░░░░░░░░░░░░░░░░░░░░░░░░░░░░░░░░░░░░░░░░░░░░░░] ⏳ 32 pending
2026-01-16 21:42:48,490 - src.embedder - INFO - 🧠 Embedding batch of 32 texts...
2026-01-16 21:42:51,101 - src.embedder - INFO - ✅ Successfully embedded 32 texts
2026-01-16 21:42:51,105 - src.embedder - INFO - ✅ BATCH SUCCESS [Batch 97/160] 📊 3104/5118 completed | ⏳ 2014 pending
2026-01-16 21:42:51,107 - src.embedder - INFO - 🧠 EMBEDDING [Batch 98/160] [██████████████████████████████████████████████████████████████████████████████████████████████████░░░░░░░░░░░░░░░░░░░░░░░░░░░░░░░░░░░░░░░░░░░░░░░░░░░░░░░░░░░░░░] ⏳ 32 pending
2026-01-16 21:42:51,108 - src.embedder - INFO - 🧠 Embedding batch of 32 texts...
2026-01-16 21:42:53,153 - src.embedder - INFO - ✅ Successfully embedded 32 texts
2026-01-16 21:42:53,156 - src.embedder - INFO - ✅ BATCH SUCCESS [Batch 98/160] 📊 3136/5118 completed | ⏳ 1982 pending
2026-01-16 21:42:53,157 - src.embedder - INFO - 🧠 EMBEDDING [Batch 99/160] [███████████████████████████████████████████████████████████████████████████████████████████████████░░░░░░░░░░░░░░░░░░░░░░░░░░░░░░░░░░░░░░░░░░░░░░░░░░░░░░░░░░░░░] ⏳ 32 pending
2026-01-16 21:42:53,158 - src.embedder - INFO - 🧠 Embedding batch of 32 texts...
2026-01-16 21:42:55,398 - src.embedder - INFO - ✅ Successfully embedded 32 texts
2026-01-16 21:42:55,402 - src.embedder - INFO - ✅ BATCH SUCCESS [Batch 99/160] 📊 3168/5118 completed | ⏳ 1950 pending
2026-01-16 21:42:55,403 - src.embedder - INFO - 🧠 EMBEDDING [Batch 100/160] [████████████████████████████████████████████████████████████████████████████████████████████████████░░░░░░░░░░░░░░░░░░░░░░░░░░░░░░░░░░░░░░░░░░░░░░░░░░░░░░░░░░░░] ⏳ 32 pending
2026-01-16 21:42:55,404 - src.embedder - INFO - 🧠 Embedding batch of 32 texts...
2026-01-16 21:42:57,219 - src.embedder - INFO - ✅ Successfully embedded 32 texts
2026-01-16 21:42:57,224 - src.embedder - INFO - ✅ BATCH SUCCESS [Batch 100/160] 📊 3200/5118 completed | ⏳ 1918 pending
2026-01-16 21:42:57,228 - src.embedder - INFO - 🧠 EMBEDDING [Batch 101/160] [█████████████████████████████████████████████████████████████████████████████████████████████████████░░░░░░░░░░░░░░░░░░░░░░░░░░░░░░░░░░░░░░░░░░░░░░░░░░░░░░░░░░░] ⏳ 32 pending
2026-01-16 21:42:57,231 - src.embedder - INFO - 🧠 Embedding batch of 32 texts...
2026-01-16 21:42:59,179 - src.embedder - INFO - ✅ Successfully embedded 32 texts
2026-01-16 21:42:59,184 - src.embedder - INFO - ✅ BATCH SUCCESS [Batch 101/160] 📊 3232/5118 completed | ⏳ 1886 pending
2026-01-16 21:42:59,187 - src.embedder - INFO - 🧠 EMBEDDING [Batch 102/160] [██████████████████████████████████████████████████████████████████████████████████████████████████████░░░░░░░░░░░░░░░░░░░░░░░░░░░░░░░░░░░░░░░░░░░░░░░░░░░░░░░░░░] ⏳ 32 pending
2026-01-16 21:42:59,198 - src.embedder - INFO - 🧠 Embedding batch of 32 texts...
2026-01-16 21:43:00,931 - src.embedder - INFO - ✅ Successfully embedded 32 texts
2026-01-16 21:43:00,936 - src.embedder - INFO - ✅ BATCH SUCCESS [Batch 102/160] 📊 3264/5118 completed | ⏳ 1854 pending
2026-01-16 21:43:00,937 - src.embedder - INFO - 🧠 EMBEDDING [Batch 103/160] [███████████████████████████████████████████████████████████████████████████████████████████████████████░░░░░░░░░░░░░░░░░░░░░░░░░░░░░░░░░░░░░░░░░░░░░░░░░░░░░░░░░] ⏳ 32 pending
2026-01-16 21:43:00,938 - src.embedder - INFO - 🧠 Embedding batch of 32 texts...
2026-01-16 21:43:03,018 - src.embedder - INFO - ✅ Successfully embedded 32 texts
2026-01-16 21:43:03,022 - src.embedder - INFO - ✅ BATCH SUCCESS [Batch 103/160] 📊 3296/5118 completed | ⏳ 1822 pending
2026-01-16 21:43:03,024 - src.embedder - INFO - 🧠 EMBEDDING [Batch 104/160] [████████████████████████████████████████████████████████████████████████████████████████████████████████░░░░░░░░░░░░░░░░░░░░░░░░░░░░░░░░░░░░░░░░░░░░░░░░░░░░░░░░] ⏳ 32 pending
2026-01-16 21:43:03,025 - src.embedder - INFO - 🧠 Embedding batch of 32 texts...
2026-01-16 21:43:04,757 - src.embedder - INFO - ✅ Successfully embedded 32 texts
2026-01-16 21:43:04,760 - src.embedder - INFO - ✅ BATCH SUCCESS [Batch 104/160] 📊 3328/5118 completed | ⏳ 1790 pending
2026-01-16 21:43:04,761 - src.embedder - INFO - 🧠 EMBEDDING [Batch 105/160] [█████████████████████████████████████████████████████████████████████████████████████████████████████████░░░░░░░░░░░░░░░░░░░░░░░░░░░░░░░░░░░░░░░░░░░░░░░░░░░░░░░] ⏳ 32 pending
2026-01-16 21:43:04,762 - src.embedder - INFO - 🧠 Embedding batch of 32 texts...
2026-01-16 21:43:06,405 - src.embedder - INFO - ✅ Successfully embedded 32 texts
2026-01-16 21:43:06,412 - src.embedder - INFO - ✅ BATCH SUCCESS [Batch 105/160] 📊 3360/5118 completed | ⏳ 1758 pending
2026-01-16 21:43:06,413 - src.embedder - INFO - 🧠 EMBEDDING [Batch 106/160] [██████████████████████████████████████████████████████████████████████████████████████████████████████████░░░░░░░░░░░░░░░░░░░░░░░░░░░░░░░░░░░░░░░░░░░░░░░░░░░░░░] ⏳ 32 pending
2026-01-16 21:43:06,415 - src.embedder - INFO - 🧠 Embedding batch of 32 texts...
2026-01-16 21:43:08,569 - src.embedder - INFO - ✅ Successfully embedded 32 texts
2026-01-16 21:43:08,573 - src.embedder - INFO - ✅ BATCH SUCCESS [Batch 106/160] 📊 3392/5118 completed | ⏳ 1726 pending
2026-01-16 21:43:08,575 - src.embedder - INFO - 🧠 EMBEDDING [Batch 107/160] [███████████████████████████████████████████████████████████████████████████████████████████████████████████░░░░░░░░░░░░░░░░░░░░░░░░░░░░░░░░░░░░░░░░░░░░░░░░░░░░░] ⏳ 32 pending
2026-01-16 21:43:08,577 - src.embedder - INFO - 🧠 Embedding batch of 32 texts...
2026-01-16 21:43:10,789 - src.embedder - INFO - ✅ Successfully embedded 32 texts
2026-01-16 21:43:10,794 - src.embedder - INFO - ✅ BATCH SUCCESS [Batch 107/160] 📊 3424/5118 completed | ⏳ 1694 pending
2026-01-16 21:43:10,795 - src.embedder - INFO - 🧠 EMBEDDING [Batch 108/160] [████████████████████████████████████████████████████████████████████████████████████████████████████████████░░░░░░░░░░░░░░░░░░░░░░░░░░░░░░░░░░░░░░░░░░░░░░░░░░░░] ⏳ 32 pending
2026-01-16 21:43:10,796 - src.embedder - INFO - 🧠 Embedding batch of 32 texts...
2026-01-16 21:43:12,693 - src.embedder - INFO - ✅ Successfully embedded 32 texts
2026-01-16 21:43:12,697 - src.embedder - INFO - ✅ BATCH SUCCESS [Batch 108/160] 📊 3456/5118 completed | ⏳ 1662 pending
2026-01-16 21:43:12,698 - src.embedder - INFO - 🧠 EMBEDDING [Batch 109/160] [█████████████████████████████████████████████████████████████████████████████████████████████████████████████░░░░░░░░░░░░░░░░░░░░░░░░░░░░░░░░░░░░░░░░░░░░░░░░░░░] ⏳ 32 pending
2026-01-16 21:43:12,699 - src.embedder - INFO - 🧠 Embedding batch of 32 texts...
2026-01-16 21:43:15,332 - src.embedder - INFO - ✅ Successfully embedded 32 texts
2026-01-16 21:43:15,336 - src.embedder - INFO - ✅ BATCH SUCCESS [Batch 109/160] 📊 3488/5118 completed | ⏳ 1630 pending
2026-01-16 21:43:15,337 - src.embedder - INFO - 🧠 EMBEDDING [Batch 110/160] [██████████████████████████████████████████████████████████████████████████████████████████████████████████████░░░░░░░░░░░░░░░░░░░░░░░░░░░░░░░░░░░░░░░░░░░░░░░░░░] ⏳ 32 pending
2026-01-16 21:43:15,338 - src.embedder - INFO - 🧠 Embedding batch of 32 texts...
2026-01-16 21:43:18,057 - src.embedder - INFO - ✅ Successfully embedded 32 texts
2026-01-16 21:43:18,061 - src.embedder - INFO - ✅ BATCH SUCCESS [Batch 110/160] 📊 3520/5118 completed | ⏳ 1598 pending
2026-01-16 21:43:18,062 - src.embedder - INFO - 🧠 EMBEDDING [Batch 111/160] [███████████████████████████████████████████████████████████████████████████████████████████████████████████████░░░░░░░░░░░░░░░░░░░░░░░░░░░░░░░░░░░░░░░░░░░░░░░░░] ⏳ 32 pending
2026-01-16 21:43:18,063 - src.embedder - INFO - 🧠 Embedding batch of 32 texts...
2026-01-16 21:43:20,176 - src.embedder - INFO - ✅ Successfully embedded 32 texts
2026-01-16 21:43:20,180 - src.embedder - INFO - ✅ BATCH SUCCESS [Batch 111/160] 📊 3552/5118 completed | ⏳ 1566 pending
2026-01-16 21:43:20,181 - src.embedder - INFO - 🧠 EMBEDDING [Batch 112/160] [████████████████████████████████████████████████████████████████████████████████████████████████████████████████░░░░░░░░░░░░░░░░░░░░░░░░░░░░░░░░░░░░░░░░░░░░░░░░] ⏳ 32 pending
2026-01-16 21:43:20,181 - src.embedder - INFO - 🧠 Embedding batch of 32 texts...
2026-01-16 21:43:22,527 - src.embedder - INFO - ✅ Successfully embedded 32 texts
2026-01-16 21:43:22,531 - src.embedder - INFO - ✅ BATCH SUCCESS [Batch 112/160] 📊 3584/5118 completed | ⏳ 1534 pending
2026-01-16 21:43:22,532 - src.embedder - INFO - 🧠 EMBEDDING [Batch 113/160] [█████████████████████████████████████████████████████████████████████████████████████████████████████████████████░░░░░░░░░░░░░░░░░░░░░░░░░░░░░░░░░░░░░░░░░░░░░░░] ⏳ 32 pending
2026-01-16 21:43:22,533 - src.embedder - INFO - 🧠 Embedding batch of 32 texts...
2026-01-16 21:43:25,505 - src.embedder - INFO - ✅ Successfully embedded 32 texts
2026-01-16 21:43:25,509 - src.embedder - INFO - ✅ BATCH SUCCESS [Batch 113/160] 📊 3616/5118 completed | ⏳ 1502 pending
2026-01-16 21:43:25,510 - src.embedder - INFO - 🧠 EMBEDDING [Batch 114/160] [██████████████████████████████████████████████████████████████████████████████████████████████████████████████████░░░░░░░░░░░░░░░░░░░░░░░░░░░░░░░░░░░░░░░░░░░░░░] ⏳ 32 pending
2026-01-16 21:43:25,511 - src.embedder - INFO - 🧠 Embedding batch of 32 texts...
2026-01-16 21:43:27,780 - src.embedder - INFO - ✅ Successfully embedded 32 texts
2026-01-16 21:43:27,784 - src.embedder - INFO - ✅ BATCH SUCCESS [Batch 114/160] 📊 3648/5118 completed | ⏳ 1470 pending
2026-01-16 21:43:27,785 - src.embedder - INFO - 🧠 EMBEDDING [Batch 115/160] [███████████████████████████████████████████████████████████████████████████████████████████████████████████████████░░░░░░░░░░░░░░░░░░░░░░░░░░░░░░░░░░░░░░░░░░░░░] ⏳ 32 pending
2026-01-16 21:43:27,785 - src.embedder - INFO - 🧠 Embedding batch of 32 texts...
2026-01-16 21:43:30,818 - src.embedder - INFO - ✅ Successfully embedded 32 texts
2026-01-16 21:43:30,824 - src.embedder - INFO - ✅ BATCH SUCCESS [Batch 115/160] 📊 3680/5118 completed | ⏳ 1438 pending
2026-01-16 21:43:30,825 - src.embedder - INFO - 🧠 EMBEDDING [Batch 116/160] [████████████████████████████████████████████████████████████████████████████████████████████████████████████████████░░░░░░░░░░░░░░░░░░░░░░░░░░░░░░░░░░░░░░░░░░░░] ⏳ 32 pending
2026-01-16 21:43:30,825 - src.embedder - INFO - 🧠 Embedding batch of 32 texts...
2026-01-16 21:43:33,441 - src.embedder - INFO - ✅ Successfully embedded 32 texts
2026-01-16 21:43:33,444 - src.embedder - INFO - ✅ BATCH SUCCESS [Batch 116/160] 📊 3712/5118 completed | ⏳ 1406 pending
2026-01-16 21:43:33,444 - src.embedder - INFO - 🧠 EMBEDDING [Batch 117/160] [█████████████████████████████████████████████████████████████████████████████████████████████████████████████████████░░░░░░░░░░░░░░░░░░░░░░░░░░░░░░░░░░░░░░░░░░░] ⏳ 32 pending
2026-01-16 21:43:33,445 - src.embedder - INFO - 🧠 Embedding batch of 32 texts...
2026-01-16 21:43:35,052 - src.embedder - INFO - ✅ Successfully embedded 32 texts
2026-01-16 21:43:35,056 - src.embedder - INFO - ✅ BATCH SUCCESS [Batch 117/160] 📊 3744/5118 completed | ⏳ 1374 pending
2026-01-16 21:43:35,057 - src.embedder - INFO - 🧠 EMBEDDING [Batch 118/160] [██████████████████████████████████████████████████████████████████████████████████████████████████████████████████████░░░░░░░░░░░░░░░░░░░░░░░░░░░░░░░░░░░░░░░░░░] ⏳ 32 pending
2026-01-16 21:43:35,058 - src.embedder - INFO - 🧠 Embedding batch of 32 texts...
2026-01-16 21:43:38,036 - src.embedder - INFO - ✅ Successfully embedded 32 texts
2026-01-16 21:43:38,041 - src.embedder - INFO - ✅ BATCH SUCCESS [Batch 118/160] 📊 3776/5118 completed | ⏳ 1342 pending
2026-01-16 21:43:38,042 - src.embedder - INFO - 🧠 EMBEDDING [Batch 119/160] [███████████████████████████████████████████████████████████████████████████████████████████████████████████████████████░░░░░░░░░░░░░░░░░░░░░░░░░░░░░░░░░░░░░░░░░] ⏳ 32 pending
2026-01-16 21:43:38,043 - src.embedder - INFO - 🧠 Embedding batch of 32 texts...
2026-01-16 21:43:39,665 - src.embedder - INFO - ✅ Successfully embedded 32 texts
2026-01-16 21:43:39,671 - src.embedder - INFO - ✅ BATCH SUCCESS [Batch 119/160] 📊 3808/5118 completed | ⏳ 1310 pending
2026-01-16 21:43:39,672 - src.embedder - INFO - 🧠 EMBEDDING [Batch 120/160] [████████████████████████████████████████████████████████████████████████████████████████████████████████████████████████░░░░░░░░░░░░░░░░░░░░░░░░░░░░░░░░░░░░░░░░] ⏳ 32 pending
2026-01-16 21:43:39,673 - src.embedder - INFO - 🧠 Embedding batch of 32 texts...
2026-01-16 21:43:43,401 - src.embedder - INFO - ✅ Successfully embedded 32 texts
2026-01-16 21:43:43,406 - src.embedder - INFO - ✅ BATCH SUCCESS [Batch 120/160] 📊 3840/5118 completed | ⏳ 1278 pending
2026-01-16 21:43:43,407 - src.embedder - INFO - 🧠 EMBEDDING [Batch 121/160] [█████████████████████████████████████████████████████████████████████████████████████████████████████████████████████████░░░░░░░░░░░░░░░░░░░░░░░░░░░░░░░░░░░░░░░] ⏳ 32 pending
2026-01-16 21:43:43,409 - src.embedder - INFO - 🧠 Embedding batch of 32 texts...
2026-01-16 21:43:45,394 - src.embedder - INFO - ✅ Successfully embedded 32 texts
2026-01-16 21:43:45,398 - src.embedder - INFO - ✅ BATCH SUCCESS [Batch 121/160] 📊 3872/5118 completed | ⏳ 1246 pending
2026-01-16 21:43:45,400 - src.embedder - INFO - 🧠 EMBEDDING [Batch 122/160] [██████████████████████████████████████████████████████████████████████████████████████████████████████████████████████████░░░░░░░░░░░░░░░░░░░░░░░░░░░░░░░░░░░░░░] ⏳ 32 pending
2026-01-16 21:43:45,403 - src.embedder - INFO - 🧠 Embedding batch of 32 texts...
2026-01-16 21:43:48,098 - src.embedder - INFO - ✅ Successfully embedded 32 texts
2026-01-16 21:43:48,102 - src.embedder - INFO - ✅ BATCH SUCCESS [Batch 122/160] 📊 3904/5118 completed | ⏳ 1214 pending
2026-01-16 21:43:48,103 - src.embedder - INFO - 🧠 EMBEDDING [Batch 123/160] [███████████████████████████████████████████████████████████████████████████████████████████████████████████████████████████░░░░░░░░░░░░░░░░░░░░░░░░░░░░░░░░░░░░░] ⏳ 32 pending
2026-01-16 21:43:48,104 - src.embedder - INFO - 🧠 Embedding batch of 32 texts...
2026-01-16 21:43:50,589 - src.embedder - INFO - ✅ Successfully embedded 32 texts
2026-01-16 21:43:50,597 - src.embedder - INFO - ✅ BATCH SUCCESS [Batch 123/160] 📊 3936/5118 completed | ⏳ 1182 pending
2026-01-16 21:43:50,600 - src.embedder - INFO - 🧠 EMBEDDING [Batch 124/160] [████████████████████████████████████████████████████████████████████████████████████████████████████████████████████████████░░░░░░░░░░░░░░░░░░░░░░░░░░░░░░░░░░░░] ⏳ 32 pending
2026-01-16 21:43:50,603 - src.embedder - INFO - 🧠 Embedding batch of 32 texts...
2026-01-16 21:43:52,258 - src.embedder - INFO - ✅ Successfully embedded 32 texts
2026-01-16 21:43:52,261 - src.embedder - INFO - ✅ BATCH SUCCESS [Batch 124/160] 📊 3968/5118 completed | ⏳ 1150 pending
2026-01-16 21:43:52,262 - src.embedder - INFO - 🧠 EMBEDDING [Batch 125/160] [█████████████████████████████████████████████████████████████████████████████████████████████████████████████████████████████░░░░░░░░░░░░░░░░░░░░░░░░░░░░░░░░░░░] ⏳ 32 pending
2026-01-16 21:43:52,263 - src.embedder - INFO - 🧠 Embedding batch of 32 texts...
2026-01-16 21:43:54,063 - src.embedder - INFO - ✅ Successfully embedded 32 texts
2026-01-16 21:43:54,068 - src.embedder - INFO - ✅ BATCH SUCCESS [Batch 125/160] 📊 4000/5118 completed | ⏳ 1118 pending
2026-01-16 21:43:54,069 - src.embedder - INFO - 🧠 EMBEDDING [Batch 126/160] [██████████████████████████████████████████████████████████████████████████████████████████████████████████████████████████████░░░░░░░░░░░░░░░░░░░░░░░░░░░░░░░░░░] ⏳ 32 pending
2026-01-16 21:43:54,071 - src.embedder - INFO - 🧠 Embedding batch of 32 texts...
2026-01-16 21:43:56,470 - src.embedder - INFO - ✅ Successfully embedded 32 texts
2026-01-16 21:43:56,474 - src.embedder - INFO - ✅ BATCH SUCCESS [Batch 126/160] 📊 4032/5118 completed | ⏳ 1086 pending
2026-01-16 21:43:56,475 - src.embedder - INFO - 🧠 EMBEDDING [Batch 127/160] [███████████████████████████████████████████████████████████████████████████████████████████████████████████████████████████████░░░░░░░░░░░░░░░░░░░░░░░░░░░░░░░░░] ⏳ 32 pending
2026-01-16 21:43:56,476 - src.embedder - INFO - 🧠 Embedding batch of 32 texts...
2026-01-16 21:43:58,128 - src.embedder - INFO - ✅ Successfully embedded 32 texts
2026-01-16 21:43:58,133 - src.embedder - INFO - ✅ BATCH SUCCESS [Batch 127/160] 📊 4064/5118 completed | ⏳ 1054 pending
2026-01-16 21:43:58,134 - src.embedder - INFO - 🧠 EMBEDDING [Batch 128/160] [████████████████████████████████████████████████████████████████████████████████████████████████████████████████████████████████░░░░░░░░░░░░░░░░░░░░░░░░░░░░░░░░] ⏳ 32 pending
2026-01-16 21:43:58,135 - src.embedder - INFO - 🧠 Embedding batch of 32 texts...
2026-01-16 21:44:00,062 - src.embedder - INFO - ✅ Successfully embedded 32 texts
2026-01-16 21:44:00,065 - src.embedder - INFO - ✅ BATCH SUCCESS [Batch 128/160] 📊 4096/5118 completed | ⏳ 1022 pending
2026-01-16 21:44:00,065 - src.embedder - INFO - 🧠 EMBEDDING [Batch 129/160] [█████████████████████████████████████████████████████████████████████████████████████████████████████████████████████████████████░░░░░░░░░░░░░░░░░░░░░░░░░░░░░░░] ⏳ 32 pending
2026-01-16 21:44:00,066 - src.embedder - INFO - 🧠 Embedding batch of 32 texts...
2026-01-16 21:44:02,874 - src.embedder - INFO - ✅ Successfully embedded 32 texts
2026-01-16 21:44:02,880 - src.embedder - INFO - ✅ BATCH SUCCESS [Batch 129/160] 📊 4128/5118 completed | ⏳ 990 pending
2026-01-16 21:44:02,881 - src.embedder - INFO - 🧠 EMBEDDING [Batch 130/160] [██████████████████████████████████████████████████████████████████████████████████████████████████████████████████████████████████░░░░░░░░░░░░░░░░░░░░░░░░░░░░░░] ⏳ 32 pending
2026-01-16 21:44:02,882 - src.embedder - INFO - 🧠 Embedding batch of 32 texts...
2026-01-16 21:44:06,362 - src.embedder - INFO - ✅ Successfully embedded 32 texts
2026-01-16 21:44:06,368 - src.embedder - INFO - ✅ BATCH SUCCESS [Batch 130/160] 📊 4160/5118 completed | ⏳ 958 pending
2026-01-16 21:44:06,369 - src.embedder - INFO - 🧠 EMBEDDING [Batch 131/160] [███████████████████████████████████████████████████████████████████████████████████████████████████████████████████████████████████░░░░░░░░░░░░░░░░░░░░░░░░░░░░░] ⏳ 32 pending
2026-01-16 21:44:06,370 - src.embedder - INFO - 🧠 Embedding batch of 32 texts...
2026-01-16 21:44:08,157 - src.embedder - INFO - ✅ Successfully embedded 32 texts
2026-01-16 21:44:08,161 - src.embedder - INFO - ✅ BATCH SUCCESS [Batch 131/160] 📊 4192/5118 completed | ⏳ 926 pending
2026-01-16 21:44:08,162 - src.embedder - INFO - 🧠 EMBEDDING [Batch 132/160] [████████████████████████████████████████████████████████████████████████████████████████████████████████████████████████████████████░░░░░░░░░░░░░░░░░░░░░░░░░░░░] ⏳ 32 pending
2026-01-16 21:44:08,163 - src.embedder - INFO - 🧠 Embedding batch of 32 texts...
2026-01-16 21:44:09,914 - src.embedder - INFO - ✅ Successfully embedded 32 texts
2026-01-16 21:44:09,918 - src.embedder - INFO - ✅ BATCH SUCCESS [Batch 132/160] 📊 4224/5118 completed | ⏳ 894 pending
2026-01-16 21:44:09,919 - src.embedder - INFO - 🧠 EMBEDDING [Batch 133/160] [█████████████████████████████████████████████████████████████████████████████████████████████████████████████████████████████████████░░░░░░░░░░░░░░░░░░░░░░░░░░░] ⏳ 32 pending
2026-01-16 21:44:09,919 - src.embedder - INFO - 🧠 Embedding batch of 32 texts...
2026-01-16 21:44:11,924 - src.embedder - INFO - ✅ Successfully embedded 32 texts
2026-01-16 21:44:11,928 - src.embedder - INFO - ✅ BATCH SUCCESS [Batch 133/160] 📊 4256/5118 completed | ⏳ 862 pending
2026-01-16 21:44:11,929 - src.embedder - INFO - 🧠 EMBEDDING [Batch 134/160] [██████████████████████████████████████████████████████████████████████████████████████████████████████████████████████████████████████░░░░░░░░░░░░░░░░░░░░░░░░░░] ⏳ 32 pending
2026-01-16 21:44:11,930 - src.embedder - INFO - 🧠 Embedding batch of 32 texts...
2026-01-16 21:44:13,849 - src.embedder - INFO - ✅ Successfully embedded 32 texts
2026-01-16 21:44:13,854 - src.embedder - INFO - ✅ BATCH SUCCESS [Batch 134/160] 📊 4288/5118 completed | ⏳ 830 pending
2026-01-16 21:44:13,855 - src.embedder - INFO - 🧠 EMBEDDING [Batch 135/160] [███████████████████████████████████████████████████████████████████████████████████████████████████████████████████████████████████████░░░░░░░░░░░░░░░░░░░░░░░░░] ⏳ 32 pending
2026-01-16 21:44:13,856 - src.embedder - INFO - 🧠 Embedding batch of 32 texts...
2026-01-16 21:44:15,424 - src.embedder - INFO - ✅ Successfully embedded 32 texts
2026-01-16 21:44:15,429 - src.embedder - INFO - ✅ BATCH SUCCESS [Batch 135/160] 📊 4320/5118 completed | ⏳ 798 pending
2026-01-16 21:44:15,430 - src.embedder - INFO - 🧠 EMBEDDING [Batch 136/160] [████████████████████████████████████████████████████████████████████████████████████████████████████████████████████████████████████████░░░░░░░░░░░░░░░░░░░░░░░░] ⏳ 32 pending
2026-01-16 21:44:15,431 - src.embedder - INFO - 🧠 Embedding batch of 32 texts...
2026-01-16 21:44:17,771 - src.embedder - INFO - ✅ Successfully embedded 32 texts
2026-01-16 21:44:17,774 - src.embedder - INFO - ✅ BATCH SUCCESS [Batch 136/160] 📊 4352/5118 completed | ⏳ 766 pending
2026-01-16 21:44:17,776 - src.embedder - INFO - 🧠 EMBEDDING [Batch 137/160] [█████████████████████████████████████████████████████████████████████████████████████████████████████████████████████████████████████████░░░░░░░░░░░░░░░░░░░░░░░] ⏳ 32 pending
2026-01-16 21:44:17,776 - src.embedder - INFO - 🧠 Embedding batch of 32 texts...
2026-01-16 21:44:22,085 - src.embedder - INFO - ✅ Successfully embedded 32 texts
2026-01-16 21:44:22,089 - src.embedder - INFO - ✅ BATCH SUCCESS [Batch 137/160] 📊 4384/5118 completed | ⏳ 734 pending
2026-01-16 21:44:22,090 - src.embedder - INFO - 🧠 EMBEDDING [Batch 138/160] [██████████████████████████████████████████████████████████████████████████████████████████████████████████████████████████████████████████░░░░░░░░░░░░░░░░░░░░░░] ⏳ 32 pending
2026-01-16 21:44:22,091 - src.embedder - INFO - 🧠 Embedding batch of 32 texts...
2026-01-16 21:44:23,894 - src.embedder - INFO - ✅ Successfully embedded 32 texts
2026-01-16 21:44:23,898 - src.embedder - INFO - ✅ BATCH SUCCESS [Batch 138/160] 📊 4416/5118 completed | ⏳ 702 pending
2026-01-16 21:44:23,900 - src.embedder - INFO - 🧠 EMBEDDING [Batch 139/160] [███████████████████████████████████████████████████████████████████████████████████████████████████████████████████████████████████████████░░░░░░░░░░░░░░░░░░░░░] ⏳ 32 pending
2026-01-16 21:44:23,902 - src.embedder - INFO - 🧠 Embedding batch of 32 texts...
2026-01-16 21:44:26,314 - src.embedder - INFO - ✅ Successfully embedded 32 texts
2026-01-16 21:44:26,320 - src.embedder - INFO - ✅ BATCH SUCCESS [Batch 139/160] 📊 4448/5118 completed | ⏳ 670 pending
2026-01-16 21:44:26,321 - src.embedder - INFO - 🧠 EMBEDDING [Batch 140/160] [████████████████████████████████████████████████████████████████████████████████████████████████████████████████████████████████████████████░░░░░░░░░░░░░░░░░░░░] ⏳ 32 pending
2026-01-16 21:44:26,322 - src.embedder - INFO - 🧠 Embedding batch of 32 texts...
2026-01-16 21:44:28,259 - src.embedder - INFO - ✅ Successfully embedded 32 texts
2026-01-16 21:44:28,266 - src.embedder - INFO - ✅ BATCH SUCCESS [Batch 140/160] 📊 4480/5118 completed | ⏳ 638 pending
2026-01-16 21:44:28,267 - src.embedder - INFO - 🧠 EMBEDDING [Batch 141/160] [█████████████████████████████████████████████████████████████████████████████████████████████████████████████████████████████████████████████░░░░░░░░░░░░░░░░░░░] ⏳ 32 pending
2026-01-16 21:44:28,269 - src.embedder - INFO - 🧠 Embedding batch of 32 texts...
2026-01-16 21:44:29,978 - src.embedder - INFO - ✅ Successfully embedded 32 texts
2026-01-16 21:44:29,983 - src.embedder - INFO - ✅ BATCH SUCCESS [Batch 141/160] 📊 4512/5118 completed | ⏳ 606 pending
2026-01-16 21:44:29,984 - src.embedder - INFO - 🧠 EMBEDDING [Batch 142/160] [██████████████████████████████████████████████████████████████████████████████████████████████████████████████████████████████████████████████░░░░░░░░░░░░░░░░░░] ⏳ 32 pending
2026-01-16 21:44:29,985 - src.embedder - INFO - 🧠 Embedding batch of 32 texts...
2026-01-16 21:44:33,369 - src.embedder - INFO - ✅ Successfully embedded 32 texts
2026-01-16 21:44:33,373 - src.embedder - INFO - ✅ BATCH SUCCESS [Batch 142/160] 📊 4544/5118 completed | ⏳ 574 pending
2026-01-16 21:44:33,374 - src.embedder - INFO - 🧠 EMBEDDING [Batch 143/160] [███████████████████████████████████████████████████████████████████████████████████████████████████████████████████████████████████████████████░░░░░░░░░░░░░░░░░] ⏳ 32 pending
2026-01-16 21:44:33,375 - src.embedder - INFO - 🧠 Embedding batch of 32 texts...
2026-01-16 21:44:36,292 - src.embedder - INFO - ✅ Successfully embedded 32 texts
2026-01-16 21:44:36,295 - src.embedder - INFO - ✅ BATCH SUCCESS [Batch 143/160] 📊 4576/5118 completed | ⏳ 542 pending
2026-01-16 21:44:36,297 - src.embedder - INFO - 🧠 EMBEDDING [Batch 144/160] [████████████████████████████████████████████████████████████████████████████████████████████████████████████████████████████████████████████████░░░░░░░░░░░░░░░░] ⏳ 32 pending
2026-01-16 21:44:36,298 - src.embedder - INFO - 🧠 Embedding batch of 32 texts...
2026-01-16 21:44:37,955 - src.embedder - INFO - ✅ Successfully embedded 32 texts
2026-01-16 21:44:37,959 - src.embedder - INFO - ✅ BATCH SUCCESS [Batch 144/160] 📊 4608/5118 completed | ⏳ 510 pending
2026-01-16 21:44:37,962 - src.embedder - INFO - 🧠 EMBEDDING [Batch 145/160] [█████████████████████████████████████████████████████████████████████████████████████████████████████████████████████████████████████████████████░░░░░░░░░░░░░░░] ⏳ 32 pending
2026-01-16 21:44:37,964 - src.embedder - INFO - 🧠 Embedding batch of 32 texts...
2026-01-16 21:44:39,663 - src.embedder - INFO - ✅ Successfully embedded 32 texts
2026-01-16 21:44:39,669 - src.embedder - INFO - ✅ BATCH SUCCESS [Batch 145/160] 📊 4640/5118 completed | ⏳ 478 pending
2026-01-16 21:44:39,670 - src.embedder - INFO - 🧠 EMBEDDING [Batch 146/160] [██████████████████████████████████████████████████████████████████████████████████████████████████████████████████████████████████████████████████░░░░░░░░░░░░░░] ⏳ 32 pending
2026-01-16 21:44:39,671 - src.embedder - INFO - 🧠 Embedding batch of 32 texts...
2026-01-16 21:44:41,559 - src.embedder - INFO - ✅ Successfully embedded 32 texts
2026-01-16 21:44:41,669 - src.embedder - INFO - ✅ BATCH SUCCESS [Batch 146/160] 📊 4672/5118 completed | ⏳ 446 pending
2026-01-16 21:44:41,700 - src.embedder - INFO - 🧠 EMBEDDING [Batch 147/160] [███████████████████████████████████████████████████████████████████████████████████████████████████████████████████████████████████████████████████░░░░░░░░░░░░░] ⏳ 32 pending
2026-01-16 21:44:41,701 - src.embedder - INFO - 🧠 Embedding batch of 32 texts...
2026-01-16 21:44:43,559 - src.embedder - INFO - ✅ Successfully embedded 32 texts
2026-01-16 21:44:43,565 - src.embedder - INFO - ✅ BATCH SUCCESS [Batch 147/160] 📊 4704/5118 completed | ⏳ 414 pending
2026-01-16 21:44:43,568 - src.embedder - INFO - 🧠 EMBEDDING [Batch 148/160] [████████████████████████████████████████████████████████████████████████████████████████████████████████████████████████████████████████████████████░░░░░░░░░░░░] ⏳ 32 pending
2026-01-16 21:44:43,569 - src.embedder - INFO - 🧠 Embedding batch of 32 texts...
2026-01-16 21:44:45,464 - src.embedder - INFO - ✅ Successfully embedded 32 texts
2026-01-16 21:44:45,467 - src.embedder - INFO - ✅ BATCH SUCCESS [Batch 148/160] 📊 4736/5118 completed | ⏳ 382 pending
2026-01-16 21:44:45,468 - src.embedder - INFO - 🧠 EMBEDDING [Batch 149/160] [█████████████████████████████████████████████████████████████████████████████████████████████████████████████████████████████████████████████████████░░░░░░░░░░░] ⏳ 32 pending
2026-01-16 21:44:45,469 - src.embedder - INFO - 🧠 Embedding batch of 32 texts...
2026-01-16 21:44:47,997 - src.embedder - INFO - ✅ Successfully embedded 32 texts
2026-01-16 21:44:48,004 - src.embedder - INFO - ✅ BATCH SUCCESS [Batch 149/160] 📊 4768/5118 completed | ⏳ 350 pending
2026-01-16 21:44:48,005 - src.embedder - INFO - 🧠 EMBEDDING [Batch 150/160] [██████████████████████████████████████████████████████████████████████████████████████████████████████████████████████████████████████████████████████░░░░░░░░░░] ⏳ 32 pending
2026-01-16 21:44:48,006 - src.embedder - INFO - 🧠 Embedding batch of 32 texts...
2026-01-16 21:44:49,877 - src.embedder - INFO - ✅ Successfully embedded 32 texts
2026-01-16 21:44:49,881 - src.embedder - INFO - ✅ BATCH SUCCESS [Batch 150/160] 📊 4800/5118 completed | ⏳ 318 pending
2026-01-16 21:44:49,882 - src.embedder - INFO - 🧠 EMBEDDING [Batch 151/160] [███████████████████████████████████████████████████████████████████████████████████████████████████████████████████████████████████████████████████████░░░░░░░░░] ⏳ 32 pending
2026-01-16 21:44:49,883 - src.embedder - INFO - 🧠 Embedding batch of 32 texts...
2026-01-16 21:44:51,512 - src.embedder - INFO - ✅ Successfully embedded 32 texts
2026-01-16 21:44:51,517 - src.embedder - INFO - ✅ BATCH SUCCESS [Batch 151/160] 📊 4832/5118 completed | ⏳ 286 pending
2026-01-16 21:44:51,518 - src.embedder - INFO - 🧠 EMBEDDING [Batch 152/160] [████████████████████████████████████████████████████████████████████████████████████████████████████████████████████████████████████████████████████████░░░░░░░░] ⏳ 32 pending
2026-01-16 21:44:51,519 - src.embedder - INFO - 🧠 Embedding batch of 32 texts...
2026-01-16 21:44:53,093 - src.embedder - INFO - ✅ Successfully embedded 32 texts
2026-01-16 21:44:53,099 - src.embedder - INFO - ✅ BATCH SUCCESS [Batch 152/160] 📊 4864/5118 completed | ⏳ 254 pending
2026-01-16 21:44:53,100 - src.embedder - INFO - 🧠 EMBEDDING [Batch 153/160] [█████████████████████████████████████████████████████████████████████████████████████████████████████████████████████████████████████████████████████████░░░░░░░] ⏳ 32 pending
2026-01-16 21:44:53,101 - src.embedder - INFO - 🧠 Embedding batch of 32 texts...
2026-01-16 21:44:54,752 - src.embedder - INFO - ✅ Successfully embedded 32 texts
2026-01-16 21:44:54,756 - src.embedder - INFO - ✅ BATCH SUCCESS [Batch 153/160] 📊 4896/5118 completed | ⏳ 222 pending
2026-01-16 21:44:54,757 - src.embedder - INFO - 🧠 EMBEDDING [Batch 154/160] [██████████████████████████████████████████████████████████████████████████████████████████████████████████████████████████████████████████████████████████░░░░░░] ⏳ 32 pending
2026-01-16 21:44:54,758 - src.embedder - INFO - 🧠 Embedding batch of 32 texts...
2026-01-16 21:44:57,717 - src.embedder - INFO - ✅ Successfully embedded 32 texts
2026-01-16 21:44:57,723 - src.embedder - INFO - ✅ BATCH SUCCESS [Batch 154/160] 📊 4928/5118 completed | ⏳ 190 pending
2026-01-16 21:44:57,732 - src.embedder - INFO - 🧠 EMBEDDING [Batch 155/160] [███████████████████████████████████████████████████████████████████████████████████████████████████████████████████████████████████████████████████████████░░░░░] ⏳ 32 pending
2026-01-16 21:44:57,736 - src.embedder - INFO - 🧠 Embedding batch of 32 texts...
2026-01-16 21:44:59,969 - src.embedder - INFO - ✅ Successfully embedded 32 texts
2026-01-16 21:44:59,974 - src.embedder - INFO - ✅ BATCH SUCCESS [Batch 155/160] 📊 4960/5118 completed | ⏳ 158 pending
2026-01-16 21:44:59,976 - src.embedder - INFO - 🧠 EMBEDDING [Batch 156/160] [████████████████████████████████████████████████████████████████████████████████████████████████████████████████████████████████████████████████████████████░░░░] ⏳ 32 pending
2026-01-16 21:44:59,977 - src.embedder - INFO - 🧠 Embedding batch of 32 texts...
2026-01-16 21:45:01,738 - src.embedder - INFO - ✅ Successfully embedded 32 texts
2026-01-16 21:45:01,741 - src.embedder - INFO - ✅ BATCH SUCCESS [Batch 156/160] 📊 4992/5118 completed | ⏳ 126 pending
2026-01-16 21:45:01,743 - src.embedder - INFO - 🧠 EMBEDDING [Batch 157/160] [█████████████████████████████████████████████████████████████████████████████████████████████████████████████████████████████████████████████████████████████░░░] ⏳ 32 pending
2026-01-16 21:45:01,744 - src.embedder - INFO - 🧠 Embedding batch of 32 texts...
2026-01-16 21:45:03,562 - src.embedder - INFO - ✅ Successfully embedded 32 texts
2026-01-16 21:45:03,567 - src.embedder - INFO - ✅ BATCH SUCCESS [Batch 157/160] 📊 5024/5118 completed | ⏳ 94 pending
2026-01-16 21:45:03,568 - src.embedder - INFO - 🧠 EMBEDDING [Batch 158/160] [██████████████████████████████████████████████████████████████████████████████████████████████████████████████████████████████████████████████████████████████░░] ⏳ 32 pending
2026-01-16 21:45:03,569 - src.embedder - INFO - 🧠 Embedding batch of 32 texts...
2026-01-16 21:45:05,403 - src.embedder - INFO - ✅ Successfully embedded 32 texts
2026-01-16 21:45:05,408 - src.embedder - INFO - ✅ BATCH SUCCESS [Batch 158/160] 📊 5056/5118 completed | ⏳ 62 pending
2026-01-16 21:45:05,410 - src.embedder - INFO - 🧠 EMBEDDING [Batch 159/160] [███████████████████████████████████████████████████████████████████████████████████████████████████████████████████████████████████████████████████████████████░] ⏳ 32 pending
2026-01-16 21:45:05,414 - src.embedder - INFO - 🧠 Embedding batch of 32 texts...
2026-01-16 21:45:06,995 - src.embedder - INFO - ✅ Successfully embedded 32 texts
2026-01-16 21:45:06,998 - src.embedder - INFO - ✅ BATCH SUCCESS [Batch 159/160] 📊 5088/5118 completed | ⏳ 30 pending
2026-01-16 21:45:07,000 - src.embedder - INFO - 🧠 EMBEDDING [Batch 160/160] [████████████████████████████████████████████████████████████████████████████████████████████████████████████████████████████████████████████████████████████████] ⏳ 30 pending
2026-01-16 21:45:07,000 - src.embedder - INFO - 🧠 Embedding batch of 30 texts...
2026-01-16 21:45:08,691 - src.embedder - INFO - ✅ Successfully embedded 30 texts
2026-01-16 21:45:08,696 - src.embedder - INFO - ✅ BATCH SUCCESS [Batch 160/160] 📊 5118/5118 completed | ⏳ 0 pending
2026-01-16 21:45:08,696 - src.embedder - INFO - 🎉 EMBEDDING COMPLETE - All 5118 documents embedded successfully!
2026-01-16 21:45:08,698 - src.ingest_service - INFO - [Job b8e7507a-3282-47e2-ae8c-57000c02233f] 🎉 Embedding Step Complete: ✅ 5118 succeeded | ❌ 0 failed
2026-01-16 21:45:08,699 - src.ingest_service - INFO - [Job b8e7507a-3282-47e2-ae8c-57000c02233f] Step 3: Preparing documents...
2026-01-16 21:45:08,740 - src.ingest_service - INFO - [Job b8e7507a-3282-47e2-ae8c-57000c02233f] 💾 Step 4: Starting MongoDB injection...
2026-01-16 21:45:08,743 - src.mongo_client - INFO - 💾 MONGODB INJECTION START - Total documents to inject: 5118
2026-01-16 21:45:26,140 - src.mongo_client - INFO - ✅ MONGODB INJECTION SUCCESS
2026-01-16 21:45:26,141 - src.mongo_client - INFO -    📤 New Documents (Upserted): 4713
2026-01-16 21:45:26,142 - src.mongo_client - INFO -    🔄 Updated Documents: 405
2026-01-16 21:45:26,142 - src.mongo_client - INFO -    📊 Total Injected: 5118/5118
2026-01-16 21:45:26,147 - src.ingest_service - INFO - [Job b8e7507a-3282-47e2-ae8c-57000c02233f] ✅ MongoDB Injection Complete: New: 4713 | Updated: 405
2026-01-16 21:45:26,149 - src.job_manager - INFO - Job b8e7507a-3282-47e2-ae8c-57000c02233f status: JobStatus.COMPLETED
2026-01-16 21:45:26,153 - src.ingest_service - INFO - [Job b8e7507a-3282-47e2-ae8c-57000c02233f] Ingestion complete. Processed: 5118, Failed: 0
2026-01-16 21:45:26,192 - src.mongo_client - INFO - MongoDB disconnected
